1493,Ses03M_impro05a_M024,ang
1523,Ses03M_impro08b_F005,ang
863,Ses05F_impro06_F025,sad
1518,Ses03M_impro08a_F014,ang
1168,Ses01M_script01_1_F014,ang
3892,Ses04M_impro07_M030,neu
3305,Ses02M_impro08_F019,neu
3922,Ses04M_impro08_M026,neu
2245,Ses02F_script01_3_F016,hap
1468,Ses03M_impro01_M029,ang
3672,Ses03M_script01_1_F021,neu
2885,Ses01M_impro02_F000,neu
446,Ses03F_script01_2_F018,sad
998,Ses05M_script01_3_F010,sad
3981,Ses05F_impro04_M004,neu
3781,Ses04F_impro07_M060,neu
2958,Ses01M_impro06_F009,neu
2441,Ses03M_impro07_F019,hap
1462,Ses03M_impro01_M014,ang
1719,Ses04F_script02_1_F014,ang
3827,Ses04F_script02_2_M043,neu
2401,Ses03F_script02_2_M044,hap
3480,Ses03F_script01_1_F045,neu
913,Ses05F_script01_3_M032,sad
1914,Ses04M_script03_2_M052,ang
266,Ses02F_script02_2_F031,sad
38,Ses01F_impro06_F026,sad
3412,Ses03F_impro04_M009,neu
1044,Ses01F_impro01_M013,ang
743,Ses04M_impro06_F011,sad
2678,Ses01F_impro01_F002,neu
335,Ses02M_script02_2_F018,sad
1692,Ses04F_script01_1_M010,ang
1383,Ses03F_impro08_M007,ang
2744,Ses01F_impro05_M005,neu
728,Ses04F_script02_2_M041,sad
242,Ses02F_script01_3_M020,sad
2189,Ses01M_script03_1_F010,hap
2970,Ses01M_impro06_F021,neu
370,Ses03F_impro02_F036,sad
3897,Ses04M_impro07_M040,neu
3117,Ses02F_impro08_F001,neu
3794,Ses04F_impro07_M080,neu
3371,Ses02M_script02_2_M021,neu
502,Ses03M_impro02_F022,sad
444,Ses03F_script01_1_M026,sad
489,Ses03F_script02_2_F028,sad
1799,Ses04M_impro05_M017,ang
395,Ses03F_impro06_F001,sad
1881,Ses04M_script03_2_F049,ang
2084,Ses05M_script03_2_M044,ang
123,Ses01M_impro06_M026,sad
324,Ses02M_script01_3_M029,sad
654,Ses03M_script03_1_F018,sad
433,Ses03F_impro06_M006,sad
698,Ses04F_script01_3_F024,sad
385,Ses03F_impro02_M024,sad
719,Ses04F_script02_2_F020,sad
1571,Ses03M_script03_2_F028,ang
145,Ses01M_script01_3_F019,sad
1063,Ses01F_impro05_F022,ang
2809,Ses01F_script01_3_F015,neu
1395,Ses03F_script01_1_M045,ang
2324,Ses02M_script03_1_F022,hap
2362,Ses03F_script01_3_F002,hap
4242,Ses05M_impro08_M005,neu
2698,Ses01F_impro03_M016,neu
3943,Ses04M_script02_1_M005,neu
4161,Ses05M_impro04_F028,neu
2154,Ses01F_script03_1_M018,hap
3532,Ses03F_script02_2_M005,neu
2126,Ses01F_script01_3_M020,hap
3553,Ses03M_impro02_M015,neu
2785,Ses01F_impro06_M010,neu
2274,Ses02M_impro03_M015,hap
3621,Ses03M_impro08a_M001,neu
3937,Ses04M_script01_1_M031,neu
1635,Ses04F_impro04_F008,ang
81,Ses01M_impro02_M013,sad
631,Ses03M_script01_3_M033,sad
4290,Ses05M_script02_2_M016,neu
4026,Ses05F_impro05_M003,neu
1091,Ses01F_script03_2_F014,ang
352,Ses03F_impro02_F011,sad
3226,Ses02F_script03_1_M013,neu
3559,Ses03M_impro03_M038,neu
2976,Ses01M_impro06_F027,neu
1157,Ses01M_impro05_M021,ang
194,Ses02F_impro02_F000,sad
1854,Ses04M_script03_2_F000,ang
2153,Ses01F_script03_1_M013,hap
1652,Ses04F_impro05_F011,ang
2715,Ses01F_impro04_M005,neu
3091,Ses02F_impro05_M019,neu
1360,Ses02M_script03_2_M039,ang
2892,Ses01M_impro03_M014,neu
2576,Ses05F_impro03_M065,hap
796,Ses04M_script03_1_M016,sad
1581,Ses03M_script03_2_F042,ang
552,Ses03M_impro06_F013,sad
1376,Ses03F_impro05_F010,ang
4308,Ses05M_script03_2_F026,neu
3310,Ses02M_impro08_M002,neu
1781,Ses04F_script03_2_M041,ang
2837,Ses01F_script02_1_M023,neu
1408,Ses03F_script01_2_M015,ang
640,Ses03M_script01_3_M042,sad
279,Ses02M_impro02_F002,sad
2468,Ses03M_script02_2_F049,hap
858,Ses05F_impro06_F020,sad
4269,Ses05M_script01_1_M017,neu
1944,Ses05F_script01_1_M025,ang
2919,Ses01M_impro04_M025,neu
493,Ses03F_script02_2_F040,sad
3299,Ses02M_impro05_M002,neu
4273,Ses05M_script01_1b_F026,neu
2359,Ses03F_impro07_M035,hap
3221,Ses02F_script03_1_M007,neu
664,Ses04F_impro02_F023,sad
1288,Ses02F_script01_2_F012,ang
3661,Ses03M_impro08b_M013,neu
132,Ses01M_script01_1_M003,sad
1756,Ses04F_script03_2_F036,ang
3523,Ses03F_script01_3_M026,neu
3658,Ses03M_impro08b_M010,neu
3901,Ses04M_impro08_F020,neu
4153,Ses05M_impro04_F019,neu
3398,Ses03F_impro01_M004,neu
535,Ses03M_impro04_F008,sad
2481,Ses04F_script01_3_F013,hap
2778,Ses01F_impro06_M001,neu
1243,Ses01M_script03_2_M022,ang
3700,Ses03M_script03_2_F000,neu
783,Ses04M_script01_3_M030,sad
685,Ses04F_impro06_M003,sad
1207,Ses01M_script02_1_F022,ang
4128,Ses05M_impro02_F012,neu
1141,Ses01M_impro01_F021,ang
637,Ses03M_script01_3_M039,sad
1429,Ses03F_script03_2_F041,ang
1677,Ses04F_script01_1_F019,ang
829,Ses05F_impro02_M041,sad
3766,Ses04F_impro07_M019,neu
882,Ses05F_script01_1_F006,sad
1779,Ses04F_script03_2_M039,ang
3256,Ses02M_impro04_F000,neu
696,Ses04F_script01_1_M026,sad
541,Ses03M_impro06_F001,sad
2625,Ses05M_impro03_M012,hap
2275,Ses02M_impro03_M017,hap
1190,Ses01M_script01_1_M035,ang
4108,Ses05F_script03_2_F001,neu
2398,Ses03F_script02_2_M039,hap
3027,Ses01M_script02_2_M029,neu
4104,Ses05F_script03_1_F019,neu
481,Ses03F_script02_2_F016,sad
288,Ses02M_impro02_F012,sad
3980,Ses05F_impro04_M003,neu
1356,Ses02M_script03_2_M007,ang
3272,Ses02M_impro05_F001,neu
3280,Ses02M_impro05_F009,neu
3477,Ses03F_script01_1_F021,neu
4251,Ses05M_impro08_M014,neu
1873,Ses04M_script03_2_F040,ang
2712,Ses01F_impro04_M002,neu
528,Ses03M_impro02_M026,sad
2726,Ses01F_impro04_M016,neu
1831,Ses04M_script02_1_F007,ang
1463,Ses03M_impro01_M015,ang
2681,Ses01F_impro02_F003,neu
3839,Ses04F_script03_2_M000,neu
1410,Ses03F_script01_2_M017,ang
4022,Ses05F_impro05_F010,neu
1109,Ses01F_script03_2_F038,ang
230,Ses02F_script01_1_F017,sad
1459,Ses03M_impro01_M004,ang
1137,Ses01M_impro01_F011,ang
2566,Ses05F_impro03_M040,hap
3189,Ses02F_script02_1_M033,neu
206,Ses02F_impro02_F012,sad
1530,Ses03M_script01_1_M009,ang
1286,Ses02F_script01_1_M038,ang
1557,Ses03M_script02_2_F031,ang
2519,Ses04M_impro07_M012,hap
3172,Ses02F_script01_2_M006,neu
1700,Ses04F_script01_1_M029,ang
3608,Ses03M_impro05b_F020,neu
3078,Ses02F_impro05_M006,neu
4021,Ses05F_impro05_F007,neu
48,Ses01F_script01_3_M025,sad
896,Ses05F_script01_1_M016,sad
563,Ses03M_impro06_M003,sad
3635,Ses03M_impro08a_M018,neu
3108,Ses02F_impro06_M014,neu
1899,Ses04M_script03_2_M031,ang
236,Ses02F_script01_3_F021,sad
3681,Ses03M_script01_1_M037,neu
3180,Ses02F_script02_1_M009,neu
210,Ses02F_impro04_F009,sad
2396,Ses03F_script02_2_F050,hap
850,Ses05F_impro06_F012,sad
907,Ses05F_script01_3_M026,sad
3977,Ses05F_impro04_F045,neu
566,Ses03M_impro06_M006,sad
2207,Ses01M_script03_1_M011,hap
2901,Ses01M_impro04_F007,neu
3798,Ses04F_impro08_F004,neu
2856,Ses01F_script02_2_M017,neu
2641,Ses05M_impro07_F004,hap
2830,Ses01F_script02_1_M010,neu
3004,Ses01M_script02_1_F008,neu
3035,Ses01M_script03_2_F010,neu
1814,Ses04M_script01_1_F034,ang
1326,Ses02M_script01_2_F000,ang
4075,Ses05F_script01_1_F027,neu
2400,Ses03F_script02_2_M041,hap
2556,Ses05F_impro03_F053,hap
3485,Ses03F_script01_1_M000,neu
3626,Ses03M_impro08a_M006,neu
1766,Ses04F_script03_2_M003,ang
47,Ses01F_script01_3_M024,sad
2276,Ses02M_impro03_M021,hap
2848,Ses01F_script02_2_F017,neu
2988,Ses01M_script01_1_M002,neu
3623,Ses03M_impro08a_M003,neu
540,Ses03M_impro06_F000,sad
1586,Ses03M_script03_2_M004,ang
663,Ses04F_impro02_F011,sad
4264,Ses05M_script01_1_F023,neu
25,Ses01F_impro06_F008,sad
179,Ses01M_script02_2_F033,sad
3425,Ses03F_impro05_M009,neu
2563,Ses05F_impro03_F060,hap
1260,Ses01M_script03_2_M039,ang
3586,Ses03M_impro05a_F023,neu
3820,Ses04F_script02_1_M017,neu
3131,Ses02F_impro08_F015,neu
2041,Ses05M_script02_2_F009,ang
1760,Ses04F_script03_2_F040,ang
518,Ses03M_impro02_M003,sad
3302,Ses02M_impro08_F007,neu
4056,Ses05F_impro05_M051,neu
1943,Ses05F_script01_1_M013,ang
1752,Ses04F_script03_2_F030,ang
100,Ses01M_impro06_M003,sad
1291,Ses02F_script01_2_M017,ang
3419,Ses03F_impro04_M016,neu
611,Ses03M_script01_1_M047,sad
2814,Ses01F_script01_3_F031,neu
3508,Ses03F_script01_1_M048,neu
500,Ses03M_impro02_F016,sad
723,Ses04F_script02_2_F024,sad
1727,Ses04F_script02_2_F005,ang
2673,Ses05M_script02_2_M036,hap
1313,Ses02M_script01_1_F033,ang
126,Ses01M_impro06_M029,sad
2694,Ses01F_impro03_M006,neu
514,Ses03M_impro02_F034,sad
2865,Ses01F_script02_2_M047,neu
2905,Ses01M_impro04_F011,neu
1381,Ses03F_impro08_M000,ang
2700,Ses01F_impro03_M020,neu
2636,Ses05M_impro03_M028,hap
287,Ses02M_impro02_F010,sad
1830,Ses04M_script02_1_F005,ang
2278,Ses02M_impro03_M028,hap
391,Ses03F_impro04_F022,sad
4036,Ses05F_impro05_M015,neu
30,Ses01F_impro06_F014,sad
3379,Ses02M_script03_2_F007,neu
375,Ses03F_impro02_F041,sad
675,Ses04F_impro06_F002,sad
1858,Ses04M_script03_2_F019,ang
247,Ses02F_script01_3_M025,sad
3325,Ses02M_impro08_M018,neu
2210,Ses01M_script03_1_M016,hap
2048,Ses05M_script03_2_F028,ang
982,Ses05M_impro06_M017,sad
2845,Ses01F_script02_1_M034,neu
879,Ses05F_script01_1_F000,sad
3170,Ses02F_script01_2_M004,neu
448,Ses03F_script01_2_F021,sad
106,Ses01M_impro06_M009,sad
667,Ses04F_impro02_M001,sad
1396,Ses03F_script01_1_M046,ang
3468,Ses03F_impro08_F028,neu
483,Ses03F_script02_2_F018,sad
1169,Ses01M_script01_1_F015,ang
2428,Ses03M_impro03_M031,hap
2883,Ses01M_impro01_M003,neu
3744,Ses04F_impro04_M017,neu
366,Ses03F_impro02_F031,sad
360,Ses03F_impro02_F024,sad
200,Ses02F_impro02_F006,sad
3656,Ses03M_impro08b_M008,neu
2080,Ses05M_script03_2_M040,ang
2933,Ses01M_impro05_F016,neu
3495,Ses03F_script01_1_M016,neu
4257,Ses05M_impro08_M020,neu
1000,Ses05M_script01_3_F019,sad
3923,Ses04M_impro08_M027,neu
4193,Ses05M_impro05_F020,neu
1314,Ses02M_script01_1_F034,ang
205,Ses02F_impro02_F011,sad
2226,Ses02F_impro03_F023,hap
1622,Ses04F_impro01_M014,ang
2390,Ses03F_script02_2_F021,hap
3913,Ses04M_impro08_M013,neu
300,Ses02M_impro04_F009,sad
2690,Ses01F_impro03_F022,neu
1296,Ses02F_script02_2_M029,ang
1662,Ses04F_impro08_M013,ang
4252,Ses05M_impro08_M015,neu
237,Ses02F_script01_3_F022,sad
2962,Ses01M_impro06_F013,neu
3058,Ses02F_impro04_M008,neu
1002,Ses05M_script01_3_F021,sad
3863,Ses04M_impro04_F015,neu
2490,Ses04F_script01_3_M020,hap
1580,Ses03M_script03_2_F041,ang
2705,Ses01F_impro04_F005,neu
2590,Ses05F_script01_3_F026,hap
474,Ses03F_script01_3_M040,sad
2043,Ses05M_script02_2_M024,ang
1623,Ses04F_impro01_M021,ang
3449,Ses03F_impro08_F006,neu
1558,Ses03M_script02_2_F033,ang
201,Ses02F_impro02_F007,sad
2078,Ses05M_script03_2_M038,ang
1834,Ses04M_script02_1_F012,ang
1210,Ses01M_script02_2_F010,ang
3737,Ses04F_impro04_M007,neu
4247,Ses05M_impro08_M010,neu
1941,Ses05F_script01_1_F034,ang
3861,Ses04M_impro04_F012,neu
3105,Ses02F_impro06_M011,neu
1264,Ses01M_script03_2_M043,ang
1075,Ses01F_script01_2_F007,ang
1354,Ses02M_script03_2_M003,ang
908,Ses05F_script01_3_M027,sad
340,Ses02M_script02_2_F031,sad
2413,Ses03M_impro03_F025,hap
3378,Ses02M_script03_2_F006,neu
3197,Ses02F_script02_2_M007,neu
4194,Ses05M_impro05_F021,neu
3030,Ses01M_script02_2_M040,neu
3315,Ses02M_impro08_M008,neu
1800,Ses04M_impro05_M018,ang
1514,Ses03M_impro05b_M031,ang
4277,Ses05M_script01_2_M001,neu
547,Ses03M_impro06_F008,sad
1911,Ses04M_script03_2_M049,ang
311,Ses02M_script01_2_F013,sad
938,Ses05M_impro02_F023,sad
702,Ses04F_script01_3_M027,sad
2770,Ses01F_impro05_M035,neu
2142,Ses01F_script03_1_F010,hap
1592,Ses03M_script03_2_M012,ang
4052,Ses05F_impro05_M040,neu
689,Ses04F_impro06_M010,sad
3099,Ses02F_impro06_M005,neu
2206,Ses01M_script03_1_M010,hap
844,Ses05F_impro06_F006,sad
1610,Ses04F_impro01_F008,ang
1753,Ses04F_script03_2_F031,ang
1470,Ses03M_impro04_M008,ang
1421,Ses03F_script03_2_F018,ang
3579,Ses03M_impro05a_F008,neu
633,Ses03M_script01_3_M035,sad
3138,Ses02F_impro08_F022,neu
1388,Ses03F_impro08_M012,ang
427,Ses03F_impro06_F033,sad
2170,Ses01M_impro07_M032,hap
6,Ses01F_impro02_F010,sad
134,Ses01M_script01_1_M005,sad
438,Ses03F_impro06_M011,sad
1740,Ses04F_script03_2_F014,ang
1117,Ses01F_script03_2_M023,ang
3358,Ses02M_script02_1_F006,neu
92,Ses01M_impro02_M025,sad
3308,Ses02M_impro08_F027,neu
1517,Ses03M_impro08a_F013,ang
3269,Ses02M_impro04_F015,neu
2946,Ses01M_impro05_F029,neu
2898,Ses01M_impro04_F004,neu
3303,Ses02M_impro08_F008,neu
3028,Ses01M_script02_2_M030,neu
810,Ses05F_impro02_F028,sad
3825,Ses04F_script02_2_M020,neu
1576,Ses03M_script03_2_F033,ang
3336,Ses02M_impro08_M029,neu
3884,Ses04M_impro05_F037,neu
3776,Ses04F_impro07_M044,neu
207,Ses02F_impro02_F013,sad
2316,Ses02M_script02_2_M041,hap
1325,Ses02M_script01_1_M039,ang
3856,Ses04M_impro04_F006,neu
1600,Ses03M_script03_2_M038,ang
3667,Ses03M_impro08b_M019,neu
701,Ses04F_script01_3_M026,sad
3556,Ses03M_impro03_F036,neu
577,Ses03M_impro06_M017,sad
3122,Ses02F_impro08_F006,neu
568,Ses03M_impro06_M008,sad
4001,Ses05F_impro04_M030,neu
3843,Ses04M_impro01_F001,neu
1215,Ses01M_script02_2_F016,ang
1099,Ses01F_script03_2_F024,ang
3971,Ses05F_impro04_F038,neu
3067,Ses02F_impro04_M018,neu
3687,Ses03M_script01_2_M008,neu
2103,Ses01F_impro03_M013,hap
3113,Ses02F_impro06_M019,neu
2972,Ses01M_impro06_F023,neu
3399,Ses03F_impro01_M005,neu
2421,Ses03M_impro03_M017,hap
27,Ses01F_impro06_F011,sad
325,Ses02M_script01_3_M030,sad
3814,Ses04F_script01_2_M008,neu
3640,Ses03M_impro08a_M023,neu
2348,Ses03F_impro07_F005,hap
3898,Ses04M_impro07_M041,neu
3947,Ses04M_script02_1_M015,neu
671,Ses04F_impro02_M025,sad
1067,Ses01F_impro05_F026,ang
2270,Ses02M_impro03_M010,hap
2592,Ses05F_script01_3_M005,hap
3298,Ses02M_impro05_M001,neu
2499,Ses04M_impro03_M005,hap
4106,Ses05F_script03_1_M030,neu
4296,Ses05M_script03_1_F020,neu
74,Ses01M_impro02_M002,sad
3104,Ses02F_impro06_M010,neu
1276,Ses02F_script01_1_F037,ang
3506,Ses03F_script01_1_M042,neu
2070,Ses05M_script03_2_M030,ang
873,Ses05F_impro06_M007,sad
3050,Ses02F_impro03_M018,neu
806,Ses05F_impro02_F021,sad
3339,Ses02M_script01_1_F015,neu
298,Ses02M_impro02_M017,sad
2952,Ses01M_impro05_M015,neu
1158,Ses01M_impro05_M022,ang
3525,Ses03F_script02_1_M019,neu
2264,Ses02F_script03_1_F022,hap
220,Ses02F_impro06_F008,sad
1642,Ses04F_impro04_F018,ang
2593,Ses05F_script01_3_M008,hap
2882,Ses01M_impro01_F025,neu
3650,Ses03M_impro08b_M002,neu
1688,Ses04F_script01_1_F041,ang
2466,Ses03M_script02_2_F047,hap
146,Ses01M_script01_3_F021,sad
1707,Ses04F_script01_2_F006,ang
1086,Ses01F_script02_2_F008,ang
2808,Ses01F_script01_3_F014,neu
1786,Ses04M_impro01_F018,ang
3757,Ses04F_impro06_M006,neu
599,Ses03M_script01_1_M000,sad
2267,Ses02F_script03_1_F025,hap
3865,Ses04M_impro04_F017,neu
2947,Ses01M_impro05_F030,neu
1634,Ses04F_impro04_F006,ang
4012,Ses05F_impro04_M041,neu
454,Ses03F_script01_3_F028,sad
1461,Ses03M_impro01_M012,ang
346,Ses02M_script02_2_M038,sad
3548,Ses03F_script03_2_M012,neu
2998,Ses01M_script01_3_F012,neu
3376,Ses02M_script03_2_F003,neu
2415,Ses03M_impro03_F027,hap
3569,Ses03M_impro04_F031,neu
944,Ses05M_impro02_M011,sad
766,Ses04M_impro06_M015,sad
2157,Ses01F_script03_1_M034,hap
1183,Ses01M_script01_1_F041,ang
4077,Ses05F_script01_1_M018,neu
3915,Ses04M_impro08_M019,neu
4145,Ses05M_impro04_F011,neu
1337,Ses02M_script02_2_F006,ang
660,Ses04F_impro02_F006,sad
1320,Ses02M_script01_1_M021,ang
2414,Ses03M_impro03_F026,hap
735,Ses04M_impro06_F003,sad
1449,Ses03F_script03_2_M034,ang
3603,Ses03M_impro05b_F014,neu
2389,Ses03F_script02_2_F020,hap
4173,Ses05M_impro05_F000,neu
1058,Ses01F_impro05_F017,ang
4216,Ses05M_impro07_F028,neu
2624,Ses05M_impro03_M011,hap
1066,Ses01F_impro05_F025,ang
2071,Ses05M_script03_2_M031,ang
4214,Ses05M_impro07_F026,neu
3479,Ses03F_script01_1_F031,neu
192,Ses01M_script02_2_M045,sad
2815,Ses01F_script01_3_M000,neu
3773,Ses04F_impro07_M032,neu
1415,Ses03F_script02_2_F012,ang
2195,Ses01M_script03_1_F019,hap
2644,Ses05M_impro07_F008,hap
603,Ses03M_script01_1_M004,sad
2917,Ses01M_impro04_F023,neu
4299,Ses05M_script03_2_F001,neu
3564,Ses03M_impro04_F015,neu
501,Ses03M_impro02_F017,sad
1537,Ses03M_script01_1_M041,ang
1003,Ses05M_script01_3_F023,sad
2914,Ses01M_impro04_F020,neu
1841,Ses04M_script02_2_F013,ang
284,Ses02M_impro02_F007,sad
3446,Ses03F_impro08_F003,neu
1487,Ses03M_impro05a_M017,ang
3348,Ses02M_script01_1_M027,neu
3625,Ses03M_impro08a_M005,neu
2380,Ses03F_script01_3_M018,hap
3514,Ses03F_script01_2_M003,neu
1566,Ses03M_script03_2_F010,ang
1984,Ses05F_script03_2_M024,ang
364,Ses03F_impro02_F028,sad
1013,Ses05M_script01_3_M029,sad
490,Ses03F_script02_2_F036,sad
1042,Ses01F_impro01_F012,ang
1589,Ses03M_script03_2_M007,ang
4171,Ses05M_impro04_M009,neu
2365,Ses03F_script01_3_F013,hap
3236,Ses02F_script03_1_M028,neu
790,Ses04M_script02_2_F018,sad
2504,Ses04M_impro03_M020,hap
1879,Ses04M_script03_2_F047,ang
3422,Ses03F_impro04_M019,neu
2360,Ses03F_script01_3_F000,hap
33,Ses01F_impro06_F021,sad
1306,Ses02M_impro05_M016,ang
3791,Ses04F_impro07_M076,neu
1500,Ses03M_impro05b_M011,ang
990,Ses05M_script01_1_M004,sad
2518,Ses04M_impro07_M011,hap
2528,Ses04M_script01_3_M037,hap
4220,Ses05M_impro07_F033,neu
3928,Ses04M_script01_1_F019,neu
2457,Ses03M_script01_3_M010,hap
1161,Ses01M_impro05_M025,ang
3354,Ses02M_script01_3_M036,neu
1205,Ses01M_script02_1_F017,ang
2327,Ses02M_script03_1_F025,hap
3676,Ses03M_script01_1_M019,neu
4234,Ses05M_impro08_F017,neu
1667,Ses04F_impro08_M018,ang
3517,Ses03F_script01_2_M007,neu
765,Ses04M_impro06_M014,sad
916,Ses05F_script01_3_M035,sad
762,Ses04M_impro06_M011,sad
2850,Ses01F_script02_2_F026,neu
625,Ses03M_script01_3_M027,sad
2890,Ses01M_impro03_M003,neu
3787,Ses04F_impro07_M067,neu
894,Ses05F_script01_1_M008,sad
2877,Ses01F_script03_2_M016,neu
2444,Ses03M_script01_3_F011,hap
3510,Ses03F_script01_1_M050,neu
1961,Ses05F_script03_2_F024,ang
4174,Ses05M_impro05_F001,neu
1540,Ses03M_script01_2_F006,ang
1796,Ses04M_impro05_M014,ang
4219,Ses05M_impro07_F032,neu
2746,Ses01F_impro05_M007,neu
2062,Ses05M_script03_2_M015,ang
491,Ses03F_script02_2_F038,sad
2867,Ses01F_script03_2_F004,neu
3024,Ses01M_script02_2_M025,neu
966,Ses05M_impro06_F010,sad
3432,Ses03F_impro07_F015,neu
3611,Ses03M_impro05b_F023,neu
2092,Ses01F_impro03_F008,hap
267,Ses02F_script02_2_F033,sad
3056,Ses02F_impro04_M006,neu
1742,Ses04F_script03_2_F020,ang
2817,Ses01F_script01_3_M003,neu
2085,Ses05M_script03_2_M045,ang
2328,Ses02M_script03_1_F027,hap
2747,Ses01F_impro05_M008,neu
1810,Ses04M_script01_1_F018,ang
3761,Ses04F_impro07_M009,neu
2144,Ses01F_script03_1_F020,hap
1104,Ses01F_script03_2_F029,ang
2363,Ses03F_script01_3_F011,hap
3502,Ses03F_script01_1_M031,neu
1284,Ses02F_script01_1_M036,ang
2211,Ses01M_script03_1_M017,hap
3318,Ses02M_impro08_M011,neu
3210,Ses02F_script02_2_M034,neu
3406,Ses03F_impro04_M003,neu
2955,Ses01M_impro06_F002,neu
1299,Ses02M_impro01_M009,ang
2695,Ses01F_impro03_M008,neu
708,Ses04F_script01_3_M033,sad
4151,Ses05M_impro04_F017,neu
3945,Ses04M_script02_1_M012,neu
3295,Ses02M_impro05_F025,neu
2450,Ses03M_script01_3_F017,hap
658,Ses04F_impro02_F003,sad
2073,Ses05M_script03_2_M033,ang
2236,Ses02F_impro03_M020,hap
1138,Ses01M_impro01_F012,ang
3507,Ses03F_script01_1_M047,neu
2173,Ses01M_script01_3_F030,hap
2795,Ses01F_script01_2_M001,neu
3660,Ses03M_impro08b_M012,neu
2375,Ses03F_script01_3_M011,hap
1187,Ses01M_script01_1_M021,ang
3161,Ses02F_script01_1_F026,neu
436,Ses03F_impro06_M009,sad
3605,Ses03M_impro05b_F016,neu
1219,Ses01M_script02_2_M033,ang
2462,Ses03M_script01_3_M046,hap
3237,Ses02F_script03_1_M029,neu
4260,Ses05M_impro08_M023,neu
550,Ses03M_impro06_F011,sad
2638,Ses05M_impro03_M031,hap
2345,Ses03F_impro03_M015,hap
918,Ses05F_script01_3_M037,sad
2935,Ses01M_impro05_F018,neu
3696,Ses03M_script02_2_M020,neu
437,Ses03F_impro06_M010,sad
306,Ses02M_script01_1_M005,sad
2378,Ses03F_script01_3_M014,hap
2031,Ses05M_script01_1b_M035,ang
962,Ses05M_impro06_F006,sad
3904,Ses04M_impro08_F030,neu
2807,Ses01F_script01_3_F009,neu
2852,Ses01F_script02_2_F047,neu
119,Ses01M_impro06_M022,sad
3967,Ses05F_impro01_F008,neu
1365,Ses02M_script03_2_M044,ang
2836,Ses01F_script02_1_M021,neu
2887,Ses01M_impro03_F017,neu
1244,Ses01M_script03_2_M023,ang
2564,Ses05F_impro03_M030,hap
3607,Ses03M_impro05b_F019,neu
2233,Ses02F_impro03_M010,hap
3799,Ses04F_impro08_F005,neu
2209,Ses01M_script03_1_M013,hap
1856,Ses04M_script03_2_F014,ang
49,Ses01F_script01_3_M026,sad
66,Ses01F_script02_2_M038,sad
3746,Ses04F_impro04_M019,neu
2134,Ses01F_script02_2_F044,hap
270,Ses02F_script02_2_F038,sad
1377,Ses03F_impro05_F011,ang
3408,Ses03F_impro04_M005,neu
2521,Ses04M_impro08_F022,hap
1987,Ses05F_script03_2_M037,ang
4237,Ses05M_impro08_M000,neu
1418,Ses03F_script02_2_M026,ang
971,Ses05M_impro06_M004,sad
1327,Ses02M_script01_2_F001,ang
3765,Ses04F_impro07_M018,neu
2826,Ses01F_script02_1_F025,neu
584,Ses03M_impro06_M024,sad
275,Ses02F_script02_2_M037,sad
897,Ses05F_script01_2_F016,sad
932,Ses05F_script02_2_M031,sad
19,Ses01F_impro02_M013,sad
4190,Ses05M_impro05_F017,neu
1844,Ses04M_script02_2_F027,ang
1428,Ses03F_script03_2_F040,ang
2307,Ses02M_script01_3_F009,hap
1777,Ses04F_script03_2_M035,ang
1426,Ses03F_script03_2_F038,ang
2161,Ses01F_script03_2_F001,hap
1400,Ses03F_script01_2_F004,ang
612,Ses03M_script01_2_F010,sad
1101,Ses01F_script03_2_F026,ang
753,Ses04M_impro06_M002,sad
3758,Ses04F_impro06_M007,neu
1343,Ses02M_script03_2_F023,ang
2456,Ses03M_script01_3_M008,hap
1857,Ses04M_script03_2_F017,ang
3738,Ses04F_impro04_M008,neu
3179,Ses02F_script02_1_F021,neu
3591,Ses03M_impro05b_F002,neu
453,Ses03F_script01_3_F027,sad
1627,Ses04F_impro02_F017,ang
56,Ses01F_script01_3_M036,sad
2175,Ses01M_script01_3_M001,hap
816,Ses05F_impro02_F036,sad
135,Ses01M_script01_1_M006,sad
3334,Ses02M_impro08_M027,neu
105,Ses01M_impro06_M008,sad
272,Ses02F_script02_2_M031,sad
4010,Ses05F_impro04_M039,neu
2757,Ses01F_impro05_M019,neu
4120,Ses05M_impro01_F000,neu
2295,Ses02M_impro07_M024,hap
697,Ses04F_script01_1_M032,sad
3615,Ses03M_impro05b_F030,neu
1331,Ses02M_script01_2_F006,ang
3423,Ses03F_impro05_M003,neu
570,Ses03M_impro06_M010,sad
381,Ses03F_impro02_M018,sad
3764,Ses04F_impro07_M017,neu
1236,Ses01M_script03_2_F035,ang
1123,Ses01F_script03_2_M030,ang
2545,Ses05F_impro03_F034,hap
1160,Ses01M_impro05_M024,ang
581,Ses03M_impro06_M021,sad
2977,Ses01M_impro06_F028,neu
1963,Ses05F_script03_2_F029,ang
628,Ses03M_script01_3_M030,sad
691,Ses04F_impro06_M013,sad
2973,Ses01M_impro06_F024,neu
1669,Ses04F_impro08_M022,ang
1604,Ses03M_script03_2_M042,ang
1986,Ses05F_script03_2_M026,ang
1411,Ses03F_script01_2_M018,ang
3367,Ses02M_script02_2_M010,neu
1071,Ses01F_script01_2_F003,ang
3890,Ses04M_impro07_M026,neu
1361,Ses02M_script03_2_M040,ang
254,Ses02F_script01_3_M032,sad
1321,Ses02M_script01_1_M024,ang
656,Ses04F_impro02_F001,sad
2978,Ses01M_impro07_F000,neu
3633,Ses03M_impro08a_M016,neu
1203,Ses01M_script02_1_F005,ang
521,Ses03M_impro02_M006,sad
1535,Ses03M_script01_1_M039,ang
158,Ses01M_script01_3_M025,sad
3505,Ses03F_script01_1_M041,neu
480,Ses03F_script02_1_F011,sad
2482,Ses04F_script01_3_F014,hap
2849,Ses01F_script02_2_F023,neu
3164,Ses02F_script01_1_M029,neu
732,Ses04M_impro06_F000,sad
2409,Ses03M_impro03_F016,hap
2369,Ses03F_script01_3_F023,hap
2474,Ses04F_impro03_F012,hap
736,Ses04M_impro06_F004,sad
883,Ses05F_script01_1_F007,sad
4268,Ses05M_script01_1_M016,neu
2152,Ses01F_script03_1_M010,hap
934,Ses05F_script02_2_M033,sad
2980,Ses01M_impro07_F012,neu
2470,Ses03M_script02_2_M042,hap
755,Ses04M_impro06_M004,sad
3518,Ses03F_script01_2_M008,neu
3176,Ses02F_script02_1_F001,neu
46,Ses01F_script01_3_M023,sad
2288,Ses02M_impro07_F024,hap
2541,Ses05F_impro03_F030,hap
3823,Ses04F_script02_2_M000,neu
1570,Ses03M_script03_2_F025,ang
4213,Ses05M_impro07_F025,neu
520,Ses03M_impro02_M005,sad
1764,Ses04F_script03_2_F044,ang
2013,Ses05M_script01_1_M023,ang
2111,Ses01F_script01_3_F011,hap
2913,Ses01M_impro04_F019,neu
1656,Ses04F_impro05_F015,ang
372,Ses03F_impro02_F038,sad
181,Ses01M_script02_2_F035,sad
3065,Ses02F_impro04_M016,neu
187,Ses01M_script02_2_M038,sad
2139,Ses01F_script02_2_M046,hap
1827,Ses04M_script02_1_F002,ang
1853,Ses04M_script03_1_M025,ang
3788,Ses04F_impro07_M071,neu
917,Ses05F_script01_3_M036,sad
1355,Ses02M_script03_2_M005,ang
3966,Ses05F_impro01_F000,neu
4211,Ses05M_impro07_F020,neu
1098,Ses01F_script03_2_F023,ang
184,Ses01M_script02_2_F040,sad
3957,Ses04M_script03_1_M028,neu
2580,Ses05F_impro07_F006,hap
3841,Ses04F_script03_2_M024,neu
2591,Ses05F_script01_3_M000,hap
3083,Ses02F_impro05_M011,neu
1072,Ses01F_script01_2_F004,ang
1605,Ses03M_script03_2_M043,ang
4035,Ses05F_impro05_M014,neu
1775,Ses04F_script03_2_M031,ang
4121,Ses05M_impro01_F001,neu
1649,Ses04F_impro05_F008,ang
2732,Ses01F_impro04_M022,neu
627,Ses03M_script01_3_M029,sad
3436,Ses03F_impro07_M003,neu
1419,Ses03F_script03_2_F014,ang
2100,Ses01F_impro03_F025,hap
1591,Ses03M_script03_2_M011,ang
3368,Ses02M_script02_2_M015,neu
1888,Ses04M_script03_2_M012,ang
987,Ses05M_script01_1_F001,sad
3582,Ses03M_impro05a_F012,neu
2458,Ses03M_script01_3_M016,hap
4180,Ses05M_impro05_F007,neu
2162,Ses01F_script03_2_F002,hap
3983,Ses05F_impro04_M007,neu
3699,Ses03M_script03_1_M035,neu
1026,Ses05M_script02_2_F017,sad
4131,Ses05M_impro03_F026,neu
2059,Ses05M_script03_2_F044,ang
1102,Ses01F_script03_2_F027,ang
600,Ses03M_script01_1_M001,sad
1417,Ses03F_script02_2_F035,ang
1952,Ses05F_script01_2_M016,ang
2821,Ses01F_script02_1_F000,neu
3512,Ses03F_script01_1_M053,neu
2787,Ses01F_impro06_M012,neu
317,Ses02M_script01_3_M020,sad
2526,Ses04M_script01_3_F014,hap
2001,Ses05M_script01_1_F014,ang
4254,Ses05M_impro08_M017,neu
3246,Ses02M_impro01_F005,neu
3400,Ses03F_impro02_F000,neu
3250,Ses02M_impro01_M001,neu
2053,Ses05M_script03_2_F038,ang
846,Ses05F_impro06_F008,sad
3931,Ses04M_script01_1_F032,neu
2908,Ses01M_impro04_F014,neu
1533,Ses03M_script01_1_M022,ang
4003,Ses05F_impro04_M032,neu
2479,Ses04F_script01_3_F010,hap
18,Ses01F_impro02_M011,sad
3654,Ses03M_impro08b_M006,neu
3806,Ses04F_script01_1_F025,neu
1127,Ses01F_script03_2_M035,ang
1089,Ses01F_script02_2_F016,ang
318,Ses02M_script01_3_M021,sad
1900,Ses04M_script03_2_M033,ang
3570,Ses03M_impro04_F032,neu
781,Ses04M_script01_3_M027,sad
1049,Ses01F_impro04_F032,ang
445,Ses03F_script01_2_F011,sad
559,Ses03M_impro06_F020,sad
4205,Ses05M_impro05_M022,neu
3384,Ses02M_script03_2_F024,neu
1228,Ses01M_script03_2_F026,ang
2294,Ses02M_impro07_M023,hap
1999,Ses05M_impro04_M020,ang
2269,Ses02F_script03_1_F028,hap
1757,Ses04F_script03_2_F037,ang
386,Ses03F_impro02_M025,sad
1392,Ses03F_script01_1_M021,ang
1250,Ses01M_script03_2_M029,ang
1835,Ses04M_script02_1_F013,ang
1739,Ses04F_script03_2_F013,ang
4235,Ses05M_impro08_F018,neu
2140,Ses01F_script02_2_M049,hap
3838,Ses04F_script03_1_M031,neu
2434,Ses03M_impro07_F008,hap
3649,Ses03M_impro08b_M001,neu
1167,Ses01M_script01_1_F011,ang
2789,Ses01F_impro06_M014,neu
3724,Ses04F_impro03_M031,neu
2701,Ses01F_impro03_M021,neu
3842,Ses04M_impro01_F000,neu
2024,Ses05M_script01_1b_F034,ang
2416,Ses03M_impro03_F033,hap
1793,Ses04M_impro05_M009,ang
3716,Ses04F_impro03_M018,neu
487,Ses03F_script02_2_F026,sad
3055,Ses02F_impro04_M005,neu
1880,Ses04M_script03_2_F048,ang
327,Ses02M_script01_3_M032,sad
2889,Ses01M_impro03_F021,neu
2819,Ses01F_script01_3_M005,neu
1280,Ses02F_script01_1_M013,ang
772,Ses04M_script01_1_F007,sad
3450,Ses03F_impro08_F007,neu
2222,Ses02F_impro03_F016,hap
3404,Ses03F_impro04_M001,neu
2760,Ses01F_impro05_M023,neu
31,Ses01F_impro06_F015,sad
3750,Ses04F_impro04_M023,neu
3146,Ses02F_impro08_M006,neu
4155,Ses05M_impro04_F021,neu
4115,Ses05F_script03_2_F012,neu
3018,Ses01M_script02_2_M013,neu
3309,Ses02M_impro08_M000,neu
2783,Ses01F_impro06_M008,neu
503,Ses03M_impro02_F023,sad
99,Ses01M_impro06_M002,sad
131,Ses01M_script01_1_F031,sad
3228,Ses02F_script03_1_M015,neu
1597,Ses03M_script03_2_M032,ang
4134,Ses05M_impro03_M019,neu
1391,Ses03F_script01_1_F017,ang
2310,Ses02M_script01_3_F028,hap
3049,Ses02F_impro03_M017,neu
4109,Ses05F_script03_2_F003,neu
3875,Ses04M_impro05_F007,neu
3796,Ses04F_impro08_F001,neu
1223,Ses01M_script03_2_F017,ang
2696,Ses01F_impro03_M009,neu
4258,Ses05M_impro08_M021,neu
2655,Ses05M_impro08_F022,hap
927,Ses05F_script02_2_F027,sad
1153,Ses01M_impro05_M006,ang
1164,Ses01M_impro05_M028,ang
3165,Ses02F_script01_1_M040,neu
1257,Ses01M_script03_2_M036,ang
2507,Ses04M_impro03_M024,hap
3297,Ses02M_impro05_M000,neu
983,Ses05M_impro06_M018,sad
2509,Ses04M_impro03_M026,hap
2066,Ses05M_script03_2_M026,ang
1409,Ses03F_script01_2_M016,ang
2167,Ses01M_impro07_M013,hap
2677,Ses01F_impro01_F001,neu
575,Ses03M_impro06_M015,sad
3289,Ses02M_impro05_F018,neu
1771,Ses04F_script03_2_M014,ang
2377,Ses03F_script01_3_M013,hap
2000,Ses05M_impro04_M040,ang
4062,Ses05F_impro06_M017,neu
1751,Ses04F_script03_2_F029,ang
2025,Ses05M_script01_1b_M019,ang
740,Ses04M_impro06_F008,sad
963,Ses05M_impro06_F007,sad
832,Ses05F_impro04_F016,sad
2339,Ses03F_impro03_F014,hap
523,Ses03M_impro02_M012,sad
1445,Ses03F_script03_2_M027,ang
1671,Ses04F_impro08_M024,ang
2166,Ses01M_impro07_M011,hap
2632,Ses05M_impro03_M024,hap
786,Ses04M_script01_3_M033,sad
3987,Ses05F_impro04_M011,neu
316,Ses02M_script01_3_F027,sad
865,Ses05F_impro06_F027,sad
1056,Ses01F_impro05_F015,ang
2597,Ses05F_script02_2_F034,hap
2376,Ses03F_script01_3_M012,hap
1837,Ses04M_script02_1_F018,ang
3034,Ses01M_script03_2_F006,neu
2102,Ses01F_impro03_M007,hap
348,Ses02M_script03_1_M009,sad
3860,Ses04M_impro04_F011,neu
4114,Ses05F_script03_2_F011,neu
3456,Ses03F_impro08_F013,neu
1684,Ses04F_script01_1_F035,ang
1614,Ses04F_impro01_F014,ang
3969,Ses05F_impro01_M003,neu
2713,Ses01F_impro04_M003,neu
3290,Ses02M_impro05_F019,neu
2289,Ses02M_impro07_F028,hap
3490,Ses03F_script01_1_M005,neu
1653,Ses04F_impro05_F012,ang
3293,Ses02M_impro05_F023,neu
2822,Ses01F_script02_1_F004,neu
371,Ses03F_impro02_F037,sad
2546,Ses05F_impro03_F035,hap
1054,Ses01F_impro05_F012,ang
507,Ses03M_impro02_F027,sad
3109,Ses02F_impro06_M015,neu
2530,Ses04M_script02_2_F036,hap
2548,Ses05F_impro03_F039,hap
1840,Ses04M_script02_2_F009,ang
2058,Ses05M_script03_2_F043,ang
2999,Ses01M_script01_3_M004,neu
3887,Ses04M_impro07_F036,neu
2651,Ses05M_impro07_F045,hap
1908,Ses04M_script03_2_M046,ang
905,Ses05F_script01_3_M024,sad
2351,Ses03F_impro07_F017,hap
108,Ses01M_impro06_M011,sad
1795,Ses04M_impro05_M011,ang
3519,Ses03F_script01_2_M009,neu
2243,Ses02F_script01_3_F013,hap
956,Ses05M_impro02_M029,sad
1422,Ses03F_script03_2_F023,ang
3908,Ses04M_impro08_M006,neu
1658,Ses04F_impro05_F017,ang
110,Ses01M_impro06_M013,sad
2745,Ses01F_impro05_M006,neu
253,Ses02F_script01_3_M031,sad
1131,Ses01F_script03_2_M039,ang
3218,Ses02F_script03_1_M001,neu
1261,Ses01M_script03_2_M040,ang
825,Ses05F_impro02_M033,sad
281,Ses02M_impro02_F004,sad
2187,Ses01M_script03_1_F008,hap
152,Ses01M_script01_3_M002,sad
355,Ses03F_impro02_F018,sad
750,Ses04M_impro06_F019,sad
668,Ses04F_impro02_M004,sad
3972,Ses05F_impro04_F039,neu
215,Ses02F_impro06_F003,sad
2640,Ses05M_impro03_M033,hap
273,Ses02F_script02_2_M035,sad
2510,Ses04M_impro03_M028,hap
1371,Ses03F_impro05_F002,ang
770,Ses04M_impro06_M019,sad
1973,Ses05F_script03_2_F039,ang
153,Ses01M_script01_3_M020,sad
2177,Ses01M_script01_3_M019,hap
3093,Ses02F_impro05_M021,neu
3740,Ses04F_impro04_M013,neu
496,Ses03F_script03_1_F015,sad
4306,Ses05M_script03_2_F015,neu
2202,Ses01M_script03_1_F038,hap
677,Ses04F_impro06_F004,sad
4309,Ses05M_script03_2_M010,neu
1382,Ses03F_impro08_M006,ang
1034,Ses05M_script02_2_F029,sad
1259,Ses01M_script03_2_M038,ang
3349,Ses02M_script01_2_M001,neu
2353,Ses03F_impro07_F023,hap
2246,Ses02F_script01_3_F029,hap
1033,Ses05M_script02_2_F028,sad
3130,Ses02F_impro08_F014,neu
597,Ses03M_script01_1_F045,sad
588,Ses03M_impro06_M028,sad
2788,Ses01F_impro06_M013,neu
3152,Ses02F_impro08_M012,neu
1748,Ses04F_script03_2_F026,ang
3247,Ses02M_impro01_F006,neu
1564,Ses03M_script02_2_M033,ang
2893,Ses01M_impro03_M018,neu
2254,Ses02F_script02_2_M045,hap
712,Ses04F_script01_3_M039,sad
3008,Ses01M_script02_1_M011,neu
3345,Ses02M_script01_1_M017,neu
1233,Ses01M_script03_2_F031,ang
3071,Ses02F_impro05_F004,neu
2054,Ses05M_script03_2_F039,ang
2948,Ses01M_impro05_F031,neu
3427,Ses03F_impro05_M013,neu
299,Ses02M_impro02_M018,sad
3268,Ses02M_impro04_F014,neu
3550,Ses03M_impro01_F000,neu
961,Ses05M_impro06_F005,sad
2816,Ses01F_script01_3_M001,neu
1864,Ses04M_script03_2_F030,ang
3196,Ses02F_script02_2_M005,neu
44,Ses01F_script01_3_M021,sad
1957,Ses05F_script03_2_F019,ang
4092,Ses05F_script02_1_F012,neu
906,Ses05F_script01_3_M025,sad
3213,Ses02F_script03_1_F014,neu
3538,Ses03F_script03_1_F001,neu
482,Ses03F_script02_2_F017,sad
3097,Ses02F_impro06_M003,neu
2911,Ses01M_impro04_F017,neu
2932,Ses01M_impro05_F015,neu
2116,Ses01F_script01_3_F020,hap
2040,Ses05M_script02_2_F005,ang
2768,Ses01F_impro05_M031,neu
2037,Ses05M_script01_2_F017,ang
484,Ses03F_script02_2_F022,sad
455,Ses03F_script01_3_F029,sad
4038,Ses05F_impro05_M017,neu
1951,Ses05F_script01_2_F017,ang
2974,Ses01M_impro06_F025,neu
2513,Ses04M_impro07_F011,hap
1028,Ses05M_script02_2_F019,sad
1815,Ses04M_script01_1_F035,ang
2303,Ses02M_script01_3_F001,hap
2417,Ses03M_impro03_M012,hap
3453,Ses03F_impro08_F010,neu
1819,Ses04M_script01_1_F040,ang
2652,Ses05M_impro07_M009,hap
537,Ses03M_impro04_M026,sad
2218,Ses01M_script03_1_M039,hap
1724,Ses04F_script02_1_F022,ang
1030,Ses05M_script02_2_F023,sad
1156,Ses01M_impro05_M020,ang
3123,Ses02F_impro08_F007,neu
558,Ses03M_impro06_F019,sad
1204,Ses01M_script02_1_F014,ang
1971,Ses05F_script03_2_F037,ang
4239,Ses05M_impro08_M002,neu
2119,Ses01F_script01_3_M008,hap
3420,Ses03F_impro04_M017,neu
861,Ses05F_impro06_F023,sad
1196,Ses01M_script01_2_F009,ang
2261,Ses02F_script03_1_F019,hap
598,Ses03M_script01_1_F046,sad
2437,Ses03M_impro07_F012,hap
394,Ses03F_impro06_F000,sad
3163,Ses02F_script01_1_M017,neu
1774,Ses04F_script03_2_M027,ang
718,Ses04F_script02_2_F019,sad
812,Ses05F_impro02_F031,sad
2666,Ses05M_script01_3_M013,hap
2990,Ses01M_script01_1_M037,neu
3211,Ses02F_script03_1_F012,neu
3147,Ses02F_impro08_M007,neu
2925,Ses01M_impro05_F005,neu
2710,Ses01F_impro04_M000,neu
926,Ses05F_script02_2_F026,sad
3031,Ses01M_script02_2_M050,neu
923,Ses05F_script02_2_F018,sad
173,Ses01M_script01_3_M040,sad
1886,Ses04M_script03_2_M010,ang
2223,Ses02F_impro03_F017,hap
3317,Ses02M_impro08_M010,neu
1275,Ses02F_script01_1_F036,ang
2302,Ses02M_impro08_F030,hap
1385,Ses03F_impro08_M009,ang
1836,Ses04M_script02_1_F017,ang
560,Ses03M_impro06_M000,sad
2358,Ses03F_impro07_M034,hap
2009,Ses05M_script01_1_M013,ang
1178,Ses01M_script01_1_F035,ang
1372,Ses03F_impro05_F005,ang
251,Ses02F_script01_3_M029,sad
1928,Ses05F_impro05_F018,ang
3815,Ses04F_script01_3_F023,neu
2989,Ses01M_script01_1_M017,neu
884,Ses05F_script01_1_F008,sad
3816,Ses04F_script01_3_M008,neu
3382,Ses02M_script03_2_F012,neu
261,Ses02F_script02_2_F019,sad
24,Ses01F_impro06_F007,sad
4004,Ses05F_impro04_M033,neu
2579,Ses05F_impro03_M068,hap
3646,Ses03M_impro08b_F023,neu
4047,Ses05F_impro05_M033,neu
3362,Ses02M_script02_1_F021,neu
209,Ses02F_impro02_M012,sad
1735,Ses04F_script02_2_F033,ang
4016,Ses05F_impro05_F001,neu
2113,Ses01F_script01_3_F013,hap
1915,Ses04M_script03_2_M053,ang
1725,Ses04F_script02_1_M031,ang
2544,Ses05F_impro03_F033,hap
2979,Ses01M_impro07_F010,neu
1574,Ses03M_script03_2_F031,ang
2781,Ses01F_impro06_M005,neu
2266,Ses02F_script03_1_F024,hap
2937,Ses01M_impro05_F020,neu
1149,Ses01M_impro04_M018,ang
164,Ses01M_script01_3_M031,sad
1181,Ses01M_script01_1_F039,ang
118,Ses01M_impro06_M021,sad
4246,Ses05M_impro08_M009,neu
3264,Ses02M_impro04_F008,neu
3659,Ses03M_impro08b_M011,neu
3235,Ses02F_script03_1_M026,neu
3044,Ses02F_impro03_M001,neu
1485,Ses03M_impro05a_M014,ang
439,Ses03F_impro06_M012,sad
1074,Ses01F_script01_2_F006,ang
4033,Ses05F_impro05_M010,neu
3792,Ses04F_impro07_M077,neu
3017,Ses01M_script02_2_M008,neu
1274,Ses02F_script01_1_F019,ang
1370,Ses03F_impro02_M027,ang
1135,Ses01M_impro01_F007,ang
2729,Ses01F_impro04_M019,neu
344,Ses02M_script02_2_M035,sad
2598,Ses05F_script02_2_F037,hap
3465,Ses03F_impro08_F025,neu
1022,Ses05M_script02_2_F013,sad
129,Ses01M_script01_1_F005,sad
2334,Ses02M_script03_1_M011,hap
4167,Ses05M_impro04_F035,neu
2692,Ses01F_impro03_M000,neu
172,Ses01M_script01_3_M039,sad
295,Ses02M_impro02_M008,sad
440,Ses03F_impro06_M013,sad
2823,Ses01F_script02_1_F008,neu
1052,Ses01F_impro05_F009,ang
1379,Ses03F_impro05_F016,ang
271,Ses02F_script02_2_F044,sad
1302,Ses02M_impro01_M018,ang
3457,Ses03F_impro08_F014,neu
1185,Ses01M_script01_1_F043,ang
4278,Ses05M_script01_2_M003,neu
1711,Ses04F_script01_2_F010,ang
1802,Ses04M_impro05_M026,ang
3606,Ses03M_impro05b_F018,neu
3706,Ses03M_script03_2_F017,neu
4117,Ses05F_script03_2_F022,neu
4294,Ses05M_script03_1_F015,neu
1319,Ses02M_script01_1_M013,ang
4074,Ses05F_script01_1_F026,neu
1988,Ses05F_script03_2_M038,ang
8,Ses01F_impro02_F013,sad
3990,Ses05F_impro04_M015,neu
3346,Ses02M_script01_1_M018,neu
2309,Ses02M_script01_3_F013,hap
3166,Ses02F_script01_1_M043,neu
1019,Ses05M_script02_1_F000,sad
2225,Ses02F_impro03_F019,hap
527,Ses03M_impro02_M025,sad
617,Ses03M_script01_3_F006,sad
4212,Ses05M_impro07_F024,neu
651,Ses03M_script02_2_F041,sad
2262,Ses02F_script03_1_F020,hap
4170,Ses05M_impro04_M008,neu
804,Ses05F_impro02_F011,sad
760,Ses04M_impro06_M009,sad
801,Ses05F_impro02_F008,sad
2433,Ses03M_impro07_F001,hap
2804,Ses01F_script01_3_F006,neu
817,Ses05F_impro02_F037,sad
3405,Ses03F_impro04_M002,neu
16,Ses01F_impro02_M009,sad
1315,Ses02M_script01_1_F035,ang
1875,Ses04M_script03_2_F042,ang
2374,Ses03F_script01_3_M010,hap
885,Ses05F_script01_1_F031,sad
3756,Ses04F_impro06_M004,neu
1665,Ses04F_impro08_M016,ang
404,Ses03F_impro06_F010,sad
1301,Ses02M_impro01_M011,ang
3233,Ses02F_script03_1_M024,neu
2514,Ses04M_impro07_M007,hap
4218,Ses05M_impro07_F030,neu
1308,Ses02M_impro05_M025,ang
874,Ses05F_impro06_M008,sad
4130,Ses05M_impro03_F006,neu
1641,Ses04F_impro04_F017,ang
2561,Ses05F_impro03_F058,hap
3421,Ses03F_impro04_M018,neu
565,Ses03M_impro06_M005,sad
2101,Ses01F_impro03_F026,hap
1734,Ses04F_script02_2_F031,ang
1620,Ses04F_impro01_M008,ang
3916,Ses04M_impro08_M020,neu
2485,Ses04F_script01_3_M009,hap
2761,Ses01F_impro05_M024,neu
3069,Ses02F_impro05_F000,neu
4050,Ses05F_impro05_M037,neu
1741,Ses04F_script03_2_F019,ang
3192,Ses02F_script02_2_F000,neu
1094,Ses01F_script03_2_F017,ang
1206,Ses01M_script02_1_F021,ang
1632,Ses04F_impro02_M021,ang
333,Ses02M_script02_2_F016,sad
2130,Ses01F_script02_1_M044,hap
3954,Ses04M_script03_1_M003,neu
1594,Ses03M_script03_2_M029,ang
2496,Ses04F_script02_2_F045,hap
2214,Ses01M_script03_1_M022,hap
239,Ses02F_script01_3_F024,sad
65,Ses01F_script02_2_M037,sad
700,Ses04F_script01_3_M024,sad
1413,Ses03F_script02_1_F012,ang
2086,Ses01F_impro03_F000,hap
3234,Ses02F_script03_1_M025,neu
616,Ses03M_script01_3_F004,sad
387,Ses03F_impro02_M028,sad
1240,Ses01M_script03_2_F039,ang
380,Ses03F_impro02_M017,sad
4122,Ses05M_impro01_F002,neu
3159,Ses02F_script01_1_F021,neu
1184,Ses01M_script01_1_F042,ang
4181,Ses05M_impro05_F008,neu
3926,Ses04M_script01_1_F015,neu
1171,Ses01M_script01_1_F017,ang
2145,Ses01F_script03_1_F021,hap
2872,Ses01F_script03_2_M001,neu
4123,Ses05M_impro01_F003,neu
3691,Ses03M_script02_1_F016,neu
3602,Ses03M_impro05b_F013,neu
94,Ses01M_impro06_F004,sad
4227,Ses05M_impro08_F009,neu
3829,Ses04F_script02_2_M047,neu
2611,Ses05M_impro03_F013,hap
777,Ses04M_script01_3_M023,sad
479,Ses03F_script02_1_F010,sad
3596,Ses03M_impro05b_F007,neu
2332,Ses02M_script03_1_M008,hap
2634,Ses05M_impro03_M026,hap
1458,Ses03M_impro01_F025,ang
3418,Ses03F_impro04_M015,neu
1403,Ses03F_script01_2_F015,ang
2322,Ses02M_script03_1_F007,hap
1105,Ses01F_script03_2_F034,ang
2707,Ses01F_impro04_F009,neu
1681,Ses04F_script01_1_F029,ang
1317,Ses02M_script01_1_F037,ang
989,Ses05M_script01_1_F005,sad
2871,Ses01F_script03_2_F032,neu
2284,Ses02M_impro07_F018,hap
1699,Ses04F_script01_1_M028,ang
3617,Ses03M_impro07_F023,neu
3499,Ses03F_script01_1_M028,neu
562,Ses03M_impro06_M002,sad
2762,Ses01F_impro05_M025,neu
465,Ses03F_script01_3_M031,sad
3119,Ses02F_impro08_F003,neu
408,Ses03F_impro06_F014,sad
1884,Ses04M_script03_2_F052,ang
2577,Ses05F_impro03_M066,hap
1112,Ses01F_script03_2_M007,ang
954,Ses05M_impro02_M027,sad
1874,Ses04M_script03_2_F041,ang
362,Ses03F_impro02_F026,sad
4136,Ses05M_impro04_F002,neu
1433,Ses03F_script03_2_M001,ang
3735,Ses04F_impro04_M005,neu
2612,Ses05M_impro03_F016,hap
2494,Ses04F_script02_2_F043,hap
2448,Ses03M_script01_3_F015,hap
1351,Ses02M_script03_2_F041,ang
4183,Ses05M_impro05_F010,neu
3832,Ses04F_script03_1_M009,neu
3458,Ses03F_impro08_F015,neu
1805,Ses04M_impro05_M044,ang
3424,Ses03F_impro05_M008,neu
3356,Ses02M_script02_1_F001,neu
2453,Ses03M_script01_3_F020,hap
1130,Ses01F_script03_2_M038,ang
2484,Ses04F_script01_3_F030,hap
3549,Ses03F_script03_2_M035,neu
556,Ses03M_impro06_F017,sad
1794,Ses04M_impro05_M010,ang
1637,Ses04F_impro04_F013,ang
839,Ses05F_impro06_F001,sad
1870,Ses04M_script03_2_F036,ang
3077,Ses02F_impro05_M005,neu
45,Ses01F_script01_3_M022,sad
72,Ses01M_impro02_F019,sad
592,Ses03M_impro06_M032,sad
1046,Ses01F_impro04_F029,ang
1745,Ses04F_script03_2_F023,ang
3498,Ses03F_script01_1_M020,neu
3321,Ses02M_impro08_M014,neu
2029,Ses05M_script01_1b_M032,ang
4197,Ses05M_impro05_M002,neu
676,Ses04F_impro06_F003,sad
1386,Ses03F_impro08_M010,ang
2661,Ses05M_impro08_M028,hap
975,Ses05M_impro06_M008,sad
4057,Ses05F_impro05_M052,neu
3982,Ses05F_impro04_M005,neu
2615,Ses05M_impro03_F021,hap
1024,Ses05M_script02_2_F015,sad
1824,Ses04M_script01_1_M022,ang
238,Ses02F_script01_3_F023,sad
3614,Ses03M_impro05b_F029,neu
1654,Ses04F_impro05_F013,ang
2460,Ses03M_script01_3_M021,hap
1359,Ses02M_script03_2_M031,ang
390,Ses03F_impro04_F002,sad
34,Ses01F_impro06_F022,sad
3473,Ses03F_script01_1_F007,neu
1933,Ses05F_impro05_F023,ang
2487,Ses04F_script01_3_M011,hap
1878,Ses04M_script03_2_F046,ang
4139,Ses05M_impro04_F005,neu
3005,Ses01M_script02_1_M007,neu
353,Ses03F_impro02_F012,sad
3441,Ses03F_impro07_M025,neu
746,Ses04M_impro06_F015,sad
1214,Ses01M_script02_2_F015,ang
257,Ses02F_script02_2_F015,sad
504,Ses03M_impro02_F024,sad
3575,Ses03M_impro05a_F001,neu
914,Ses05F_script01_3_M033,sad
3286,Ses02M_impro05_F015,neu
3048,Ses02F_impro03_M016,neu
3597,Ses03M_impro05b_F008,neu
3741,Ses04F_impro04_M014,neu
2841,Ses01F_script02_1_M029,neu
3043,Ses02F_impro01_M004,neu
1254,Ses01M_script03_2_M033,ang
2835,Ses01F_script02_1_M020,neu
2489,Ses04F_script01_3_M019,hap
3701,Ses03M_script03_2_F003,neu
3326,Ses02M_impro08_M019,neu
3542,Ses03F_script03_2_F008,neu
1607,Ses03M_script03_2_M045,ang
3229,Ses02F_script03_1_M016,neu
51,Ses01F_script01_3_M028,sad
2870,Ses01F_script03_2_F031,neu
774,Ses04M_script01_3_F022,sad
3198,Ses02F_script02_2_M009,neu
1852,Ses04M_script03_1_M013,ang
1484,Ses03M_impro05a_M013,ang
3666,Ses03M_impro08b_M018,neu
3461,Ses03F_impro08_F021,neu
1617,Ses04F_impro01_F021,ang
2045,Ses05M_script02_2_M026,ang
3795,Ses04F_impro07_M082,neu
3319,Ses02M_impro08_M012,neu
2338,Ses03F_impro02_M001,hap
3173,Ses02F_script01_2_M007,neu
412,Ses03F_impro06_F018,sad
2629,Ses05M_impro03_M016,hap
1151,Ses01M_impro05_M004,ang
1347,Ses02M_script03_2_F037,ang
1702,Ses04F_script01_1_M034,ang
4132,Ses05M_impro03_F027,neu
1602,Ses03M_script03_2_M040,ang
946,Ses05M_impro02_M013,sad
1960,Ses05F_script03_2_F023,ang
759,Ses04M_impro06_M008,sad
2215,Ses01M_script03_1_M030,hap
4094,Ses05F_script02_1_F016,neu
3296,Ses02M_impro05_F026,neu
969,Ses05M_impro06_M002,sad
546,Ses03M_impro06_F007,sad
225,Ses02F_impro06_F013,sad
3428,Ses03F_impro05_M014,neu
252,Ses02F_script01_3_M030,sad
3403,Ses03F_impro04_M000,neu
536,Ses03M_impro04_M000,sad
1823,Ses04M_script01_1_M021,ang
1154,Ses01M_impro05_M007,ang
967,Ses05M_impro06_M000,sad
2649,Ses05M_impro07_F036,hap
1611,Ses04F_impro01_F009,ang
4086,Ses05F_script01_3_M006,neu
2667,Ses05M_script01_3_M042,hap
1225,Ses01M_script03_2_F023,ang
1084,Ses01F_script02_1_F007,ang
3847,Ses04M_impro01_M003,neu
2627,Ses05M_impro03_M014,hap
1863,Ses04M_script03_2_F029,ang
1096,Ses01F_script03_2_F021,ang
3129,Ses02F_impro08_F013,neu
1954,Ses05F_script02_2_F005,ang
59,Ses01F_script02_2_F022,sad
2833,Ses01F_script02_1_M014,neu
3769,Ses04F_impro07_M022,neu
2601,Ses05F_script02_2_M037,hap
641,Ses03M_script02_2_F018,sad
3402,Ses03F_impro02_M000,neu
665,Ses04F_impro02_F024,sad
3041,Ses02F_impro01_M001,neu
1918,Ses04M_script03_2_M056,ang
399,Ses03F_impro06_F005,sad
799,Ses05F_impro02_F004,sad
3088,Ses02F_impro05_M016,neu
2156,Ses01F_script03_1_M026,hap
3186,Ses02F_script02_1_M020,neu
3742,Ses04F_impro04_M015,neu
1129,Ses01F_script03_2_M037,ang
1290,Ses02F_script01_2_M016,ang
2323,Ses02M_script03_1_F021,hap
1923,Ses05F_impro02_M005,ang
3193,Ses02F_script02_2_M001,neu
2011,Ses05M_script01_1_M021,ang
1996,Ses05M_impro01_M005,ang
2165,Ses01M_impro07_M006,hap
3445,Ses03F_impro08_F002,neu
2315,Ses02M_script02_2_M040,hap
3639,Ses03M_impro08a_M022,neu
2829,Ses01F_script02_1_M009,neu
2605,Ses05M_impro03_F005,hap
2447,Ses03M_script01_3_F014,hap
2371,Ses03F_script01_3_M000,hap
3304,Ses02M_impro08_F010,neu
3697,Ses03M_script02_2_M021,neu
3722,Ses04F_impro03_M029,neu
241,Ses02F_script01_3_F026,sad
3599,Ses03M_impro05b_F010,neu
2312,Ses02M_script02_2_F037,hap
1431,Ses03F_script03_2_F043,ang
3014,Ses01M_script02_2_F000,neu
2224,Ses02F_impro03_F018,hap
3729,Ses04F_impro03_M047,neu
3705,Ses03M_script03_2_F016,neu
1070,Ses01F_impro05_F030,ang
2259,Ses02F_script03_1_F009,hap
2419,Ses03M_impro03_M015,hap
3191,Ses02F_script02_1_M044,neu
2121,Ses01F_script01_3_M010,hap
418,Ses03F_impro06_F024,sad
3435,Ses03F_impro07_M001,neu
2034,Ses05M_script01_1b_M041,ang
1920,Ses05F_impro01_F018,ang
138,Ses01M_script01_1_M038,sad
4285,Ses05M_script01_3_M022,neu
3274,Ses02M_impro05_F003,neu
1703,Ses04F_script01_1_M038,ang
113,Ses01M_impro06_M016,sad
2014,Ses05M_script01_1_M025,ang
2549,Ses05F_impro03_F040,hap
1531,Ses03M_script01_1_M011,ang
977,Ses05M_impro06_M010,sad
1064,Ses01F_impro05_F023,ang
1548,Ses03M_script02_2_F000,ang
3604,Ses03M_impro05b_F015,neu
1108,Ses01F_script03_2_F037,ang
3292,Ses02M_impro05_F021,neu
1946,Ses05F_script01_2_F006,ang
88,Ses01M_impro02_M020,sad
3601,Ses03M_impro05b_F012,neu
1713,Ses04F_script01_2_M017,ang
515,Ses03M_impro02_M000,sad
79,Ses01M_impro02_M011,sad
4140,Ses05M_impro04_F006,neu
2609,Ses05M_impro03_F011,hap
3790,Ses04F_impro07_M073,neu
1704,Ses04F_script01_2_F000,ang
3828,Ses04F_script02_2_M044,neu
2273,Ses02M_impro03_M014,hap
3353,Ses02M_script01_3_F008,neu
682,Ses04F_impro06_M000,sad
1630,Ses04F_impro02_M018,ang
1818,Ses04M_script01_1_F039,ang
3819,Ses04F_script02_1_M010,neu
2452,Ses03M_script01_3_F019,hap
3669,Ses03M_impro08b_M021,neu
1005,Ses05M_script01_3_F025,sad
3589,Ses03M_impro05b_F000,neu
3145,Ses02F_impro08_M005,neu
3587,Ses03M_impro05a_F024,neu
3260,Ses02M_impro04_F004,neu
338,Ses02M_script02_2_F021,sad
1542,Ses03M_script01_2_F012,ang
1638,Ses04F_impro04_F014,ang
52,Ses01F_script01_3_M029,sad
2547,Ses05F_impro03_F036,hap
3925,Ses04M_script01_1_F000,neu
3786,Ses04F_impro07_M066,neu
1972,Ses05F_script03_2_F038,ang
2956,Ses01M_impro06_F007,neu
1118,Ses01F_script03_2_M024,ang
185,Ses01M_script02_2_F046,sad
1843,Ses04M_script02_2_F026,ang
3720,Ses04F_impro03_M027,neu
1100,Ses01F_script03_2_F025,ang
3789,Ses04F_impro07_M072,neu
2373,Ses03F_script01_3_M009,hap
602,Ses03M_script01_1_M003,sad
2585,Ses05F_script01_3_F003,hap
745,Ses04M_impro06_F014,sad
3924,Ses04M_impro08_M028,neu
3183,Ses02F_script02_1_M013,neu
3085,Ses02F_impro05_M013,neu
1055,Ses01F_impro05_F014,ang
4295,Ses05M_script03_1_F017,neu
3114,Ses02F_impro07_M000,neu
3470,Ses03F_impro08_M021,neu
3364,Ses02M_script02_2_M000,neu
957,Ses05M_impro04_M041,sad
1526,Ses03M_script01_1_F017,ang
1001,Ses05M_script01_3_F020,sad
3662,Ses03M_impro08b_M014,neu
3883,Ses04M_impro05_F036,neu
377,Ses03F_impro02_F043,sad
2754,Ses01F_impro05_M015,neu
3905,Ses04M_impro08_M001,neu
1247,Ses01M_script03_2_M026,ang
1643,Ses04F_impro04_F025,ang
3840,Ses04F_script03_2_M010,neu
2926,Ses01M_impro05_F006,neu
1285,Ses02F_script01_1_M037,ang
860,Ses05F_impro06_F022,sad
1038,Ses05M_script02_2_M029,sad
2019,Ses05M_script01_1_M035,ang
1689,Ses04F_script01_1_F042,ang
451,Ses03F_script01_3_F025,sad
733,Ses04M_impro06_F001,sad
314,Ses02M_script01_3_F025,sad
3540,Ses03F_script03_1_M005,neu
3996,Ses05F_impro04_M025,neu
1435,Ses03F_script03_2_M005,ang
1862,Ses04M_script03_2_F028,ang
3333,Ses02M_impro08_M026,neu
1568,Ses03M_script03_2_F014,ang
1283,Ses02F_script01_1_M025,ang
1437,Ses03F_script03_2_M008,ang
3162,Ses02F_script01_1_F027,neu
382,Ses03F_impro02_M019,sad
4148,Ses05M_impro04_F014,neu
3447,Ses03F_impro08_F004,neu
499,Ses03M_impro02_F015,sad
878,Ses05F_impro06_M020,sad
1252,Ses01M_script03_2_M031,ang
40,Ses01F_impro06_M000,sad
768,Ses04M_impro06_M017,sad
161,Ses01M_script01_3_M028,sad
2813,Ses01F_script01_3_F029,neu
2843,Ses01F_script02_1_M032,neu
3202,Ses02F_script02_2_M017,neu
3632,Ses03M_impro08a_M013,neu
1645,Ses04F_impro04_F031,ang
3136,Ses02F_impro08_F020,neu
2792,Ses01F_impro07_M012,neu
3380,Ses02M_script03_2_F009,neu
1527,Ses03M_script01_1_F020,ang
1666,Ses04F_impro08_M017,ang
2531,Ses04M_script02_2_M039,hap
2404,Ses03F_script03_1_F025,hap
3137,Ses02F_impro08_F021,neu
1307,Ses02M_impro05_M018,ang
1011,Ses05M_script01_3_M026,sad
1737,Ses04F_script03_2_F005,ang
2853,Ses01F_script02_2_M002,neu
2331,Ses02M_script03_1_M007,hap
1939,Ses05F_impro05_F042,ang
2064,Ses05M_script03_2_M023,ang
1640,Ses04F_impro04_F016,ang
1682,Ses04F_script01_1_F030,ang
3375,Ses02M_script03_2_F002,neu
2764,Ses01F_impro05_M027,neu
3496,Ses03F_script01_1_M017,neu
3952,Ses04M_script02_2_M021,neu
3143,Ses02F_impro08_F027,neu
2665,Ses05M_script01_3_F027,hap
3444,Ses03F_impro08_F001,neu
1709,Ses04F_script01_2_F008,ang
1444,Ses03F_script03_2_M026,ang
1552,Ses03M_script02_2_F004,ang
3040,Ses02F_impro01_M000,neu
4069,Ses05F_impro06_M025,neu
1134,Ses01M_impro01_F001,ang
3006,Ses01M_script02_1_M009,neu
624,Ses03M_script01_3_M023,sad
4000,Ses05F_impro04_M029,neu
506,Ses03M_impro02_F026,sad
1201,Ses01M_script01_2_M016,ang
282,Ses02M_impro02_F005,sad
1989,Ses05F_script03_2_M039,ang
3227,Ses02F_script03_1_M014,neu
4031,Ses05F_impro05_M008,neu
1305,Ses02M_impro05_M013,ang
809,Ses05F_impro02_F027,sad
2801,Ses01F_script01_3_F003,neu
3557,Ses03M_impro03_M028,neu
2599,Ses05F_script02_2_M035,hap
3370,Ses02M_script02_2_M017,neu
1583,Ses03M_script03_2_F044,ang
2061,Ses05M_script03_2_M009,ang
3555,Ses03M_impro03_F018,neu
1039,Ses05M_script02_2_M030,sad
4186,Ses05M_impro05_F013,neu
509,Ses03M_impro02_F029,sad
3443,Ses03F_impro08_F000,neu
4023,Ses05F_impro05_M000,neu
2542,Ses05F_impro03_F031,hap
2219,Ses01M_script03_1_M040,hap
561,Ses03M_impro06_M001,sad
3126,Ses02F_impro08_F010,neu
1768,Ses04F_script03_2_M006,ang
466,Ses03F_script01_3_M032,sad
652,Ses03M_script02_2_M036,sad
3025,Ses01M_script02_2_M027,neu
190,Ses01M_script02_2_M043,sad
1554,Ses03M_script02_2_F011,ang
1913,Ses04M_script03_2_M051,ang
255,Ses02F_script01_3_M033,sad
124,Ses01M_impro06_M027,sad
1773,Ses04F_script03_2_M016,ang
2349,Ses03F_impro07_F012,hap
2682,Ses01F_impro02_F006,neu
2022,Ses05M_script01_1b_F031,ang
3033,Ses01M_script02_2_M054,neu
1976,Ses05F_script03_2_M004,ang
646,Ses03M_script02_2_F035,sad
3216,Ses02F_script03_1_F017,neu
3834,Ses04F_script03_1_M027,neu
881,Ses05F_script01_1_F005,sad
2874,Ses01F_script03_2_M004,neu
2688,Ses01F_impro03_F018,neu
1922,Ses05F_impro02_M004,ang
3011,Ses01M_script02_1_M030,neu
1048,Ses01F_impro04_F031,ang
4196,Ses05M_impro05_M001,neu
1573,Ses03M_script03_2_F030,ang
2300,Ses02M_impro08_F024,hap
293,Ses02M_impro02_M002,sad
116,Ses01M_impro06_M019,sad
2771,Ses01F_impro06_F003,neu
2568,Ses05F_impro03_M049,hap
234,Ses02F_script01_3_F009,sad
2704,Ses01F_impro04_F001,neu
725,Ses04F_script02_2_F037,sad
2438,Ses03M_impro07_F013,hap
778,Ses04M_script01_3_M024,sad
1341,Ses02M_script03_2_F014,ang
443,Ses03F_impro06_M016,sad
32,Ses01F_impro06_F020,sad
28,Ses01F_impro06_F012,sad
800,Ses05F_impro02_F005,sad
709,Ses04F_script01_3_M034,sad
1271,Ses02F_impro05_F006,ang
2800,Ses01F_script01_3_F002,neu
1522,Ses03M_impro08a_F022,ang
4129,Ses05M_impro03_F000,neu
2193,Ses01M_script03_1_F017,hap
2068,Ses05M_script03_2_M028,ang
1467,Ses03M_impro01_M028,ang
2114,Ses01F_script01_3_F017,hap
1715,Ses04F_script02_1_F007,ang
1577,Ses03M_script03_2_F038,ang
198,Ses02F_impro02_F004,sad
3558,Ses03M_impro03_M033,neu
1991,Ses05F_script03_2_M041,ang
432,Ses03F_impro06_M005,sad
429,Ses03F_impro06_F035,sad
1822,Ses04M_script01_1_M014,ang
3169,Ses02F_script01_2_M002,neu
3070,Ses02F_impro05_F001,neu
1902,Ses04M_script03_2_M035,ang
1078,Ses01F_script01_2_F010,ang
2241,Ses02F_impro07_M019,hap
328,Ses02M_script01_3_M033,sad
2793,Ses01F_impro07_M013,neu
992,Ses05M_script01_1b_F028,sad
2367,Ses03F_script01_3_F018,hap
715,Ses04F_script01_3_M043,sad
2718,Ses01F_impro04_M008,neu
3813,Ses04F_script01_2_M007,neu
3340,Ses02M_script01_1_F018,neu
3092,Ses02F_impro05_M020,neu
2553,Ses05F_impro03_F048,hap
3530,Ses03F_script02_2_F000,neu
3933,Ses04M_script01_1_M000,neu
2703,Ses01F_impro04_F000,neu
688,Ses04F_impro06_M009,sad
3355,Ses02M_script02_1_F000,neu
486,Ses03F_script02_2_F025,sad
827,Ses05F_impro02_M035,sad
95,Ses01M_impro06_F005,sad
1651,Ses04F_impro05_F010,ang
2581,Ses05F_impro07_M007,hap
2258,Ses02F_script03_1_F008,hap
2008,Ses05M_script01_1_M011,ang
2049,Ses05M_script03_2_F034,ang
870,Ses05F_impro06_M004,sad
3081,Ses02F_impro05_M009,neu
3648,Ses03M_impro08b_M000,neu
2051,Ses05M_script03_2_F036,ang
1140,Ses01M_impro01_F020,ang
2953,Ses01M_impro06_F000,neu
2635,Ses05M_impro03_M027,hap
2689,Ses01F_impro03_F019,neu
3539,Ses03F_script03_1_M004,neu
605,Ses03M_script01_1_M006,sad
422,Ses03F_impro06_F028,sad
1825,Ses04M_script01_1_M037,ang
2089,Ses01F_impro03_F004,hap
1706,Ses04F_script01_2_F005,ang
2055,Ses05M_script03_2_F040,ang
1126,Ses01F_script03_2_M034,ang
893,Ses05F_script01_1_M007,sad
1608,Ses03M_script03_2_M046,ang
1188,Ses01M_script01_1_M023,ang
320,Ses02M_script01_3_M025,sad
4292,Ses05M_script03_1_F012,neu
1510,Ses03M_impro05b_M025,ang
3201,Ses02F_script02_2_M016,neu
4293,Ses05M_script03_1_F013,neu
855,Ses05F_impro06_F017,sad
2534,Ses04M_script03_2_F001,hap
899,Ses05F_script01_3_F020,sad
3826,Ses04F_script02_2_M023,neu
3871,Ses04M_impro05_F001,neu
258,Ses02F_script02_2_F016,sad
1697,Ses04F_script01_1_M022,ang
2412,Ses03M_impro03_F022,hap
3749,Ses04F_impro04_M022,neu
3993,Ses05F_impro04_M020,neu
374,Ses03F_impro02_F040,sad
1543,Ses03M_script01_2_F015,ang
940,Ses05M_impro02_M000,sad
4063,Ses05F_impro06_M018,neu
4082,Ses05F_script01_3_F008,neu
1716,Ses04F_script02_1_F008,ang
690,Ses04F_impro06_M011,sad
3096,Ses02F_impro06_M002,neu
937,Ses05M_impro02_F021,sad
2633,Ses05M_impro03_M025,hap
1895,Ses04M_script03_2_M025,ang
1436,Ses03F_script03_2_M007,ang
2842,Ses01F_script02_1_M031,neu
2106,Ses01F_impro03_M023,hap
2728,Ses01F_impro04_M018,neu
3102,Ses02F_impro06_M008,neu
2265,Ses02F_script03_1_F023,hap
931,Ses05F_script02_2_F032,sad
3694,Ses03M_script02_2_M017,neu
1750,Ses04F_script03_2_F028,ang
274,Ses02F_script02_2_M036,sad
1926,Ses05F_impro02_M015,ang
1808,Ses04M_script01_1_F012,ang
3291,Ses02M_impro05_F020,neu
431,Ses03F_impro06_M004,sad
2168,Ses01M_impro07_M017,hap
1903,Ses04M_script03_2_M036,ang
3536,Ses03F_script02_2_M043,neu
3702,Ses03M_script03_2_F004,neu
2736,Ses01F_impro04_M026,neu
2724,Ses01F_impro04_M014,neu
3284,Ses02M_impro05_F013,neu
2277,Ses02M_impro03_M027,hap
948,Ses05M_impro02_M019,sad
2356,Ses03F_impro07_F034,hap
1780,Ses04F_script03_2_M040,ang
1932,Ses05F_impro05_F022,ang
441,Ses03F_impro06_M014,sad
4040,Ses05F_impro05_M019,neu
3007,Ses01M_script02_1_M010,neu
1479,Ses03M_impro05a_M006,ang
4184,Ses05M_impro05_F011,neu
3631,Ses03M_impro08a_M012,neu
1968,Ses05F_script03_2_F034,ang
2806,Ses01F_script01_3_F008,neu
3409,Ses03F_impro04_M006,neu
3386,Ses02M_script03_2_M010,neu
4142,Ses05M_impro04_F008,neu
1770,Ses04F_script03_2_M008,ang
171,Ses01M_script01_3_M038,sad
2097,Ses01F_impro03_F016,hap
1660,Ses04F_impro05_F019,ang
452,Ses03F_script01_3_F026,sad
2607,Ses05M_impro03_F009,hap
2944,Ses01M_impro05_F027,neu
1466,Ses03M_impro01_M023,ang
2714,Ses01F_impro04_M004,neu
3770,Ses04F_impro07_M023,neu
157,Ses01M_script01_3_M024,sad
4164,Ses05M_impro04_F031,neu
3643,Ses03M_impro08a_M026,neu
3849,Ses04M_impro03_M031,neu
3324,Ses02M_impro08_M017,neu
104,Ses01M_impro06_M007,sad
4305,Ses05M_script03_2_F012,neu
3306,Ses02M_impro08_F025,neu
2391,Ses03F_script02_2_F023,hap
2429,Ses03M_impro03_M032,hap
693,Ses04F_script01_1_F004,sad
3768,Ses04F_impro07_M021,neu
3577,Ses03M_impro05a_F005,neu
4066,Ses05F_impro06_M022,neu
1061,Ses01F_impro05_F020,ang
2280,Ses02M_impro07_F014,hap
4045,Ses05F_impro05_M031,neu
3486,Ses03F_script01_1_M001,neu
2879,Ses01F_script03_2_M019,neu
4201,Ses05M_impro05_M006,neu
4058,Ses05F_impro05_M053,neu
2524,Ses04M_script01_3_F012,hap
3797,Ses04F_impro08_F002,neu
2818,Ses01F_script01_3_M004,neu
4081,Ses05F_script01_2_M002,neu
3886,Ses04M_impro07_F026,neu
1029,Ses05M_script02_2_F022,sad
1633,Ses04F_impro04_F005,ang
1430,Ses03F_script03_2_F042,ang
2281,Ses02M_impro07_F015,hap
2056,Ses05M_script03_2_F041,ang
492,Ses03F_script02_2_F039,sad
2639,Ses05M_impro03_M032,hap
2709,Ses01F_impro04_F014,neu
1263,Ses01M_script03_2_M042,ang
1232,Ses01M_script03_2_F030,ang
1021,Ses05M_script02_2_F012,sad
1731,Ses04F_script02_2_F010,ang
3835,Ses04F_script03_1_M028,neu
2081,Ses05M_script03_2_M041,ang
1456,Ses03F_script03_2_M044,ang
4059,Ses05F_impro06_M010,neu
3618,Ses03M_impro07_M009,neu
3307,Ses02M_impro08_F026,neu
582,Ses03M_impro06_M022,sad
1891,Ses04M_script03_2_M020,ang
1439,Ses03F_script03_2_M015,ang
3433,Ses03F_impro07_F031,neu
2811,Ses01F_script01_3_F022,neu
3125,Ses02F_impro08_F009,neu
2366,Ses03F_script01_3_F014,hap
2603,Ses05F_script02_2_M041,hap
2779,Ses01F_impro06_M002,neu
1698,Ses04F_script01_1_M025,ang
3973,Ses05F_impro04_F040,neu
63,Ses01F_script02_2_F040,sad
3563,Ses03M_impro04_F014,neu
3767,Ses04F_impro07_M020,neu
1726,Ses04F_script02_2_F002,ang
417,Ses03F_impro06_F023,sad
3771,Ses04F_impro07_M026,neu
3754,Ses04F_impro04_M031,neu
1069,Ses01F_impro05_F029,ang
2442,Ses03M_impro07_M014,hap
517,Ses03M_impro02_M002,sad
3332,Ses02M_impro08_M025,neu
307,Ses02M_script01_1_M028,sad
176,Ses01M_script02_2_F024,sad
619,Ses03M_script01_3_F008,sad
2091,Ses01F_impro03_F006,hap
999,Ses05M_script01_3_F016,sad
3365,Ses02M_script02_2_M001,neu
922,Ses05F_script02_2_F017,sad
919,Ses05F_script02_2_F013,sad
2658,Ses05M_impro08_F027,hap
2340,Ses03F_impro03_F015,hap
3531,Ses03F_script02_2_M001,neu
2426,Ses03M_impro03_M029,hap
3547,Ses03F_script03_2_M011,neu
1120,Ses01F_script03_2_M026,ang
1511,Ses03M_impro05b_M026,ang
4298,Ses05M_script03_1_M003,neu
1598,Ses03M_script03_2_M033,ang
1544,Ses03M_script01_2_M014,ang
2847,Ses01F_script02_2_F001,neu
2455,Ses03M_script01_3_F034,hap
4259,Ses05M_impro08_M022,neu
91,Ses01M_impro02_M023,sad
553,Ses03M_impro06_F014,sad
3232,Ses02F_script03_1_M021,neu
2631,Ses05M_impro03_M023,hap
1446,Ses03F_script03_2_M028,ang
183,Ses01M_script02_2_F037,sad
1194,Ses01M_script01_2_F004,ang
789,Ses04M_script02_2_F016,sad
3919,Ses04M_impro08_M023,neu
115,Ses01M_impro06_M018,sad
4310,Ses05M_script03_2_M011,neu
4253,Ses05M_impro08_M016,neu
415,Ses03F_impro06_F021,sad
2685,Ses01F_impro02_M012,neu
1783,Ses04F_script03_2_M043,ang
2886,Ses01M_impro02_M000,neu
2551,Ses05F_impro03_F046,hap
4166,Ses05M_impro04_F034,neu
3622,Ses03M_impro08a_M002,neu
4267,Ses05M_script01_1_F026,neu
2602,Ses05F_script02_2_M040,hap
1148,Ses01M_impro04_M014,ang
3225,Ses02F_script03_1_M012,neu
312,Ses02M_script01_3_F019,sad
2691,Ses01F_impro03_F023,neu
1664,Ses04F_impro08_M015,ang
133,Ses01M_script01_1_M004,sad
958,Ses05M_impro06_F002,sad
2172,Ses01M_script01_3_F016,hap
4006,Ses05F_impro04_M035,neu
3467,Ses03F_impro08_F027,neu
4034,Ses05F_impro05_M012,neu
3313,Ses02M_impro08_M005,neu
1366,Ses02M_script03_2_M045,ang
1585,Ses03M_script03_2_M003,ang
3900,Ses04M_impro07_M043,neu
12,Ses01F_impro02_F019,sad
2321,Ses02M_script03_1_F006,hap
3568,Ses03M_impro04_F030,neu
3775,Ses04F_impro07_M035,neu
456,Ses03F_script01_3_F030,sad
687,Ses04F_impro06_M008,sad
3276,Ses02M_impro05_F005,neu
495,Ses03F_script03_1_F014,sad
1251,Ses01M_script03_2_M030,ang
2239,Ses02F_impro03_M026,hap
3620,Ses03M_impro08a_M000,neu
3174,Ses02F_script01_2_M008,neu
618,Ses03M_script01_3_F007,sad
2197,Ses01M_script03_1_F024,hap
147,Ses01M_script01_3_F022,sad
4080,Ses05F_script01_2_M001,neu
3184,Ses02F_script02_1_M017,neu
1958,Ses05F_script03_2_F020,ang
3182,Ses02F_script02_1_M012,neu
3751,Ses04F_impro04_M026,neu
726,Ses04F_script02_2_F041,sad
1281,Ses02F_script01_1_M021,ang
902,Ses05F_script01_3_F025,sad
984,Ses05M_impro06_M019,sad
1450,Ses03F_script03_2_M038,ang
678,Ses04F_impro06_F005,sad
1965,Ses05F_script03_2_F031,ang
4284,Ses05M_script01_3_M003,neu
3492,Ses03F_script01_1_M007,neu
2381,Ses03F_script01_3_M019,hap
1448,Ses03F_script03_2_M030,ang
2931,Ses01M_impro05_F014,neu
3685,Ses03M_script01_2_M004,neu
2445,Ses03M_script01_3_F012,hap
1678,Ses04F_script01_1_F022,ang
277,Ses02M_impro02_F000,sad
3653,Ses03M_impro08b_M005,neu
4095,Ses05F_script02_2_M002,neu
356,Ses03F_impro02_F019,sad
4007,Ses05F_impro04_M036,neu
3142,Ses02F_impro08_F026,neu
457,Ses03F_script01_3_F031,sad
1146,Ses01M_impro01_M031,ang
4028,Ses05F_impro05_M005,neu
3759,Ses04F_impro06_M012,neu
2738,Ses01F_impro04_M028,neu
350,Ses03F_impro02_F008,sad
1959,Ses05F_script03_2_F021,ang
3116,Ses02F_impro08_F000,neu
349,Ses02M_script03_1_M016,sad
596,Ses03M_script01_1_F040,sad
1465,Ses03M_impro01_M019,ang
1097,Ses01F_script03_2_F022,ang
2994,Ses01M_script01_3_F000,neu
2190,Ses01M_script03_1_F011,hap
3695,Ses03M_script02_2_M019,neu
3095,Ses02F_impro06_M001,neu
473,Ses03F_script01_3_M039,sad
4101,Ses05F_script03_1_F011,neu
304,Ses02M_script01_1_M003,sad
649,Ses03M_script02_2_F038,sad
384,Ses03F_impro02_M021,sad
180,Ses01M_script02_2_F034,sad
3217,Ses02F_script03_1_F027,neu
2995,Ses01M_script01_3_F001,neu
2791,Ses01F_impro06_M016,neu
4079,Ses05F_script01_2_M000,neu
2702,Ses01F_impro03_M024,neu
2646,Ses05M_impro07_F023,hap
3158,Ses02F_script01_1_F018,neu
1179,Ses01M_script01_1_F036,ang
4233,Ses05M_impro08_F016,neu
4281,Ses05M_script01_3_F006,neu
1789,Ses04M_impro01_M018,ang
3141,Ses02F_impro08_F025,neu
741,Ses04M_impro06_F009,sad
1330,Ses02M_script01_2_F005,ang
2565,Ses05F_impro03_M038,hap
4107,Ses05F_script03_2_F000,neu
345,Ses02M_script02_2_M037,sad
2863,Ses01F_script02_2_M042,neu
1546,Ses03M_script01_2_M016,ang
2005,Ses05M_script01_1_F032,ang
2072,Ses05M_script03_2_M032,ang
2253,Ses02F_script02_2_M043,hap
3395,Ses03F_impro01_M001,neu
2083,Ses05M_script03_2_M043,ang
1230,Ses01M_script03_2_F028,ang
608,Ses03M_script01_1_M036,sad
1401,Ses03F_script01_2_F006,ang
3859,Ses04M_impro04_F009,neu
309,Ses02M_script01_1_M036,sad
61,Ses01F_script02_2_F035,sad
3331,Ses02M_impro08_M024,neu
2686,Ses01F_impro02_M015,neu
4198,Ses05M_impro05_M003,neu
2588,Ses05F_script01_3_F016,hap
3734,Ses04F_impro04_M004,neu
3872,Ses04M_impro05_F002,neu
3711,Ses03M_script03_2_M019,neu
2986,Ses01M_script01_1_F026,neu
3942,Ses04M_script02_1_F014,neu
1211,Ses01M_script02_2_F011,ang
3870,Ses04M_impro05_F000,neu
2951,Ses01M_impro05_F034,neu
979,Ses05M_impro06_M012,sad
2424,Ses03M_impro03_M020,hap
933,Ses05F_script02_2_M032,sad
2960,Ses01M_impro06_F011,neu
2325,Ses02M_script03_1_F023,hap
3644,Ses03M_impro08a_M027,neu
329,Ses02M_script01_3_M034,sad
232,Ses02F_script01_1_F044,sad
393,Ses03F_impro04_F024,sad
2902,Ses01M_impro04_F008,neu
2125,Ses01F_script01_3_M019,hap
2909,Ses01M_impro04_F015,neu
3935,Ses04M_script01_1_M018,neu
767,Ses04M_impro06_M016,sad
1172,Ses01M_script01_1_F020,ang
148,Ses01M_script01_3_F023,sad
1378,Ses03F_impro05_F015,ang
1970,Ses05F_script03_2_F036,ang
2674,Ses05M_script02_2_M037,hap
1404,Ses03F_script01_2_F016,ang
2621,Ses05M_impro03_M008,hap
880,Ses05F_script01_1_F004,sad
3148,Ses02F_impro08_M008,neu
534,Ses03M_impro04_F007,sad
4053,Ses05F_impro05_M041,neu
2067,Ses05M_script03_2_M027,ang
1110,Ses01F_script03_2_F039,ang
2077,Ses05M_script03_2_M037,ang
1472,Ses03M_impro05a_F028,ang
4157,Ses05M_impro04_F023,neu
1297,Ses02M_impro01_M007,ang
4111,Ses05F_script03_2_F005,neu
2869,Ses01F_script03_2_F030,neu
2093,Ses01F_impro03_F009,hap
1217,Ses01M_script02_2_F031,ang
571,Ses03M_impro06_M011,sad
4042,Ses05F_impro05_M023,neu
920,Ses05F_script02_2_F014,sad
3718,Ses04F_impro03_M020,neu
2784,Ses01F_impro06_M009,neu
3064,Ses02F_impro04_M015,neu
3281,Ses02M_impro05_F010,neu
276,Ses02F_script02_2_M038,sad
142,Ses01M_script01_3_F005,sad
2010,Ses05M_script01_1_M020,ang
2824,Ses01F_script02_1_F015,neu
2198,Ses01M_script03_1_F030,hap
1559,Ses03M_script02_2_M028,ang
630,Ses03M_script01_3_M032,sad
3985,Ses05F_impro04_M009,neu
368,Ses03F_impro02_F034,sad
3360,Ses02M_script02_1_F017,neu
2205,Ses01M_script03_1_M004,hap
3493,Ses03F_script01_1_M008,neu
3359,Ses02M_script02_1_F011,neu
1935,Ses05F_impro05_F031,ang
2099,Ses01F_impro03_F024,hap
2088,Ses01F_impro03_F002,hap
2268,Ses02F_script03_1_F026,hap
2825,Ses01F_script02_1_F024,neu
2922,Ses01M_impro05_F002,neu
21,Ses01F_impro06_F002,sad
202,Ses02F_impro02_F008,sad
379,Ses03F_impro02_M016,sad
2418,Ses03M_impro03_M014,hap
1872,Ses04M_script03_2_F039,ang
3948,Ses04M_script02_2_F000,neu
426,Ses03F_impro06_F032,sad
3206,Ses02F_script02_2_M021,neu
4301,Ses05M_script03_2_F004,neu
1345,Ses02M_script03_2_F035,ang
704,Ses04F_script01_3_M029,sad
3282,Ses02M_impro05_F011,neu
1387,Ses03F_impro08_M011,ang
1335,Ses02M_script02_1_F018,ang
815,Ses05F_impro02_F035,sad
1657,Ses04F_impro05_F016,ang
3921,Ses04M_impro08_M025,neu
308,Ses02M_script01_1_M035,sad
1509,Ses03M_impro05b_M024,ang
2386,Ses03F_script01_3_M045,hap
798,Ses05F_impro02_F002,sad
512,Ses03M_impro02_F032,sad
3857,Ses04M_impro04_F007,neu
428,Ses03F_impro06_F034,sad
3647,Ses03M_impro08b_F024,neu
4011,Ses05F_impro04_M040,neu
1539,Ses03M_script01_2_F001,ang
3073,Ses02F_impro05_M001,neu
2146,Ses01F_script03_1_F022,hap
414,Ses03F_impro06_F020,sad
970,Ses05M_impro06_M003,sad
2907,Ses01M_impro04_F013,neu
1838,Ses04M_script02_2_F006,ang
2304,Ses02M_script01_3_F002,hap
2675,Ses05M_script02_2_M040,hap
1817,Ses04M_script01_1_F037,ang
3344,Ses02M_script01_1_M016,neu
593,Ses03M_script01_1_F004,sad
722,Ses04F_script02_2_F023,sad
3613,Ses03M_impro05b_F028,neu
1451,Ses03F_script03_2_M039,ang
1441,Ses03F_script03_2_M017,ang
964,Ses05M_impro06_F008,sad
2352,Ses03F_impro07_F019,hap
1390,Ses03F_impro08_M015,ang
3451,Ses03F_impro08_F008,neu
365,Ses03F_impro02_F029,sad
4191,Ses05M_impro05_F018,neu
245,Ses02F_script01_3_M023,sad
2357,Ses03F_impro07_F035,hap
4041,Ses05F_impro05_M022,neu
639,Ses03M_script01_3_M041,sad
2505,Ses04M_impro03_M021,hap
2333,Ses02M_script03_1_M010,hap
1868,Ses04M_script03_2_F034,ang
2573,Ses05F_impro03_M062,hap
2722,Ses01F_impro04_M012,neu
3894,Ses04M_impro07_M035,neu
555,Ses03M_impro06_F016,sad
1082,Ses01F_script01_2_M017,ang
1216,Ses01M_script02_2_F030,ang
1222,Ses01M_script03_2_F015,ang
1009,Ses05M_script01_3_M023,sad
3478,Ses03F_script01_1_F030,neu
1107,Ses01F_script03_2_F036,ang
1352,Ses02M_script03_2_F042,ang
1414,Ses03F_script02_2_F005,ang
3515,Ses03F_script01_2_M004,neu
1695,Ses04F_script01_1_M020,ang
1132,Ses01F_script03_2_M040,ang
953,Ses05M_impro02_M025,sad
3079,Ses02F_impro05_M007,neu
924,Ses05F_script02_2_F019,sad
337,Ses02M_script02_2_F020,sad
294,Ses02M_impro02_M007,sad
315,Ses02M_script01_3_F026,sad
4178,Ses05M_impro05_F005,neu
716,Ses04F_script01_3_M044,sad
4144,Ses05M_impro04_F010,neu
4020,Ses05F_impro05_F006,neu
1905,Ses04M_script03_2_M040,ang
3748,Ses04F_impro04_M021,neu
166,Ses01M_script01_3_M033,sad
2060,Ses05M_script03_2_M008,ang
3389,Ses02M_script03_2_M016,neu
359,Ses03F_impro02_F023,sad
4243,Ses05M_impro08_M006,neu
469,Ses03F_script01_3_M035,sad
2171,Ses01M_impro07_M033,hap
2941,Ses01M_impro05_F024,neu
910,Ses05F_script01_3_M029,sad
4008,Ses05F_impro04_M037,neu
2763,Ses01F_impro05_M026,neu
769,Ses04M_impro06_M018,sad
2906,Ses01M_impro04_F012,neu
1077,Ses01F_script01_2_F009,ang
2017,Ses05M_script01_1_M033,ang
2329,Ses02M_script03_1_F028,hap
797,Ses05F_impro02_F001,sad
4304,Ses05M_script03_2_F009,neu
149,Ses01M_script01_3_F024,sad
434,Ses03F_impro06_M007,sad
3956,Ses04M_script03_1_M012,neu
1855,Ses04M_script03_2_F010,ang
1516,Ses03M_impro05b_M033,ang
3460,Ses03F_impro08_F020,neu
3578,Ses03M_impro05a_F007,neu
2664,Ses05M_script01_3_F012,hap
2044,Ses05M_script02_2_M025,ang
1060,Ses01F_impro05_F019,ang
4256,Ses05M_impro08_M019,neu
2896,Ses01M_impro04_F002,neu
73,Ses01M_impro02_M001,sad
2027,Ses05M_script01_1b_M022,ang
4085,Ses05F_script01_3_M004,neu
2844,Ses01F_script02_1_M033,neu
3885,Ses04M_impro07_F023,neu
3452,Ses03F_impro08_F009,neu
2628,Ses05M_impro03_M015,hap
2868,Ses01F_script03_2_F005,neu
738,Ses04M_impro06_F006,sad
4102,Ses05F_script03_1_F013,neu
3311,Ses02M_impro08_M003,neu
2293,Ses02M_impro07_M011,hap
4018,Ses05F_impro05_F004,neu
2422,Ses03M_impro03_M018,hap
2454,Ses03M_script01_3_F021,hap
1170,Ses01M_script01_1_F016,ang
952,Ses05M_impro02_M024,sad
4270,Ses05M_script01_1b_F022,neu
1489,Ses03M_impro05a_M020,ang
336,Ses02M_script02_2_F019,sad
655,Ses04F_impro02_F000,sad
939,Ses05M_impro02_F024,sad
4118,Ses05F_script03_2_M009,neu
36,Ses01F_impro06_F024,sad
2326,Ses02M_script03_1_F024,hap
3314,Ses02M_impro08_M007,neu
2515,Ses04M_impro07_M008,hap
262,Ses02F_script02_2_F020,sad
1145,Ses01M_impro01_M030,ang
1995,Ses05M_impro01_F023,ang
1947,Ses05F_script01_2_F010,ang
2982,Ses01M_impro07_M020,neu
1582,Ses03M_script03_2_F043,ang
856,Ses05F_impro06_F018,sad
1749,Ses04F_script03_2_F027,ang
3684,Ses03M_script01_2_M001,neu
1859,Ses04M_script03_2_F022,ang
2204,Ses01M_script03_1_F040,hap
111,Ses01M_impro06_M014,sad
601,Ses03M_script01_1_M002,sad
250,Ses02F_script01_3_M028,sad
680,Ses04F_impro06_F007,sad
3177,Ses02F_script02_1_F005,neu
2846,Ses01F_script02_2_F000,neu
1806,Ses04M_impro05_M045,ang
1904,Ses04M_script03_2_M038,ang
2502,Ses04M_impro03_M008,hap
3491,Ses03F_script01_1_M006,neu
2244,Ses02F_script01_3_F014,hap
3366,Ses02M_script02_2_M002,neu
1332,Ses02M_script01_2_F010,ang
1648,Ses04F_impro05_F006,ang
843,Ses05F_impro06_F005,sad
1346,Ses02M_script03_2_F036,ang
2234,Ses02F_impro03_M011,hap
2991,Ses01M_script01_2_M000,neu
959,Ses05M_impro06_F003,sad
1114,Ses01F_script03_2_M020,ang
1329,Ses02M_script01_2_F003,ang
3414,Ses03F_impro04_M011,neu
4202,Ses05M_impro05_M007,neu
3938,Ses04M_script01_1_M032,neu
37,Ses01F_impro06_F025,sad
1694,Ses04F_script01_1_M013,ang
1416,Ses03F_script02_2_F031,ang
3407,Ses03F_impro04_M004,neu
3595,Ses03M_impro05b_F006,neu
747,Ses04M_impro06_F016,sad
341,Ses02M_script02_2_F034,sad
3219,Ses02F_script03_1_M004,neu
97,Ses01M_impro06_M000,sad
4084,Ses05F_script01_3_F024,neu
4146,Ses05M_impro04_F012,neu
3262,Ses02M_impro04_F006,neu
2477,Ses04F_impro08_F000,hap
2630,Ses05M_impro03_M018,hap
2240,Ses02F_impro07_M018,hap
4119,Ses05F_script03_2_M010,neu
3874,Ses04M_impro05_F006,neu
2344,Ses03F_impro03_F021,hap
623,Ses03M_script01_3_F033,sad
450,Ses03F_script01_3_F008,sad
57,Ses01F_script02_1_F010,sad
3573,Ses03M_impro04_M038,neu
3285,Ses02M_impro05_F014,neu
2555,Ses05F_impro03_F051,hap
935,Ses05M_impro02_F013,sad
3727,Ses04F_impro03_M034,neu
3039,Ses02F_impro01_F000,neu
960,Ses05M_impro06_F004,sad
620,Ses03M_script01_3_F029,sad
3541,Ses03F_script03_2_F004,neu
3463,Ses03F_impro08_F023,neu
3110,Ses02F_impro06_M016,neu
2227,Ses02F_impro03_F026,hap
2495,Ses04F_script02_2_F044,hap
785,Ses04M_script01_3_M032,sad
2571,Ses05F_impro03_M060,hap
1807,Ses04M_script01_1_F011,ang
3873,Ses04M_impro05_F003,neu
3415,Ses03F_impro04_M012,neu
2002,Ses05M_script01_1_F018,ang
3914,Ses04M_impro08_M017,neu
2393,Ses03F_script02_2_F044,hap
1917,Ses04M_script03_2_M055,ang
3337,Ses02M_impro08_M030,neu
4283,Ses05M_script01_3_F022,neu
3524,Ses03F_script02_1_M017,neu
195,Ses02F_impro02_F001,sad
3779,Ses04F_impro07_M058,neu
1906,Ses04M_script03_2_M041,ang
1136,Ses01M_impro01_F008,ang
101,Ses01M_impro06_M004,sad
3475,Ses03F_script01_1_F014,neu
3961,Ses04M_script03_2_F043,neu
1885,Ses04M_script03_2_M008,ang
1686,Ses04F_script01_1_F037,ang
204,Ses02F_impro02_F010,sad
1507,Ses03M_impro05b_M022,ang
4015,Ses05F_impro05_F000,neu
313,Ses02M_script01_3_F021,sad
889,Ses05F_script01_1_M003,sad
2430,Ses03M_impro03_M039,hap
580,Ses03M_impro06_M020,sad
1978,Ses05F_script03_2_M008,ang
1384,Ses03F_impro08_M008,ang
1020,Ses05M_script02_1_F016,sad
1956,Ses05F_script03_2_F018,ang
3054,Ses02F_impro04_M004,neu
76,Ses01M_impro02_M007,sad
1754,Ses04F_script03_2_F034,ang
2492,Ses04F_script02_1_M000,hap
3504,Ses03F_script01_1_M036,neu
4149,Ses05M_impro04_F015,neu
468,Ses03F_script01_3_M034,sad
178,Ses01M_script02_2_F026,sad
4112,Ses05F_script03_2_F006,neu
120,Ses01M_impro06_M023,sad
3254,Ses02M_impro01_M005,neu
389,Ses03F_impro02_M031,sad
4288,Ses05M_script02_2_F001,neu
3239,Ses02F_script03_1_M033,neu
3194,Ses02F_script02_2_M002,neu
3680,Ses03M_script01_1_M031,neu
2372,Ses03F_script01_3_M006,hap
398,Ses03F_impro06_F004,sad
2900,Ses01M_impro04_F006,neu
2550,Ses05F_impro03_F041,hap
3868,Ses04M_impro04_M021,neu
4311,Ses05M_script03_2_M024,neu
3836,Ses04F_script03_1_M029,neu
942,Ses05M_impro02_M007,sad
3848,Ses04M_impro02_M008,neu
4217,Ses05M_impro07_F029,neu
1237,Ses01M_script03_2_F036,ang
3802,Ses04F_impro08_F009,neu
326,Ses02M_script01_3_M031,sad
2748,Ses01F_impro05_M009,neu
1721,Ses04F_script02_1_F017,ang
3253,Ses02M_impro01_M004,neu
1572,Ses03M_script03_2_F029,ang
4017,Ses05F_impro05_F002,neu
3566,Ses03M_impro04_F025,neu
289,Ses02M_impro02_F013,sad
2185,Ses01M_script03_1_F003,hap
1227,Ses01M_script03_2_F025,ang
2176,Ses01M_script01_3_M009,hap
2298,Ses02M_impro07_M030,hap
4215,Ses05M_impro07_F027,neu
1679,Ses04F_script01_1_F023,ang
1738,Ses04F_script03_2_F012,ang
2721,Ses01F_impro04_M011,neu
1455,Ses03F_script03_2_M043,ang
3869,Ses04M_impro04_M022,neu
4185,Ses05M_impro05_F012,neu
3634,Ses03M_impro08a_M017,neu
1344,Ses02M_script03_2_F028,ang
2231,Ses02F_impro03_M004,hap
973,Ses05M_impro06_M006,sad
1966,Ses05F_script03_2_F032,ang
2392,Ses03F_script02_2_F043,hap
2403,Ses03F_script03_1_F021,hap
1732,Ses04F_script02_2_F011,ang
3753,Ses04F_impro04_M030,neu
3584,Ses03M_impro05a_F016,neu
3927,Ses04M_script01_1_F017,neu
867,Ses05F_impro06_M001,sad
3391,Ses02M_script03_2_M024,neu
3494,Ses03F_script01_1_M009,neu
1820,Ses04M_script01_1_F041,ang
2663,Ses05M_script01_3_F009,hap
670,Ses04F_impro02_M024,sad
1675,Ses04F_script01_1_F014,ang
3051,Ses02F_impro04_M000,neu
4291,Ses05M_script03_1_F011,neu
219,Ses02F_impro06_F007,sad
3565,Ses03M_impro04_F023,neu
526,Ses03M_impro02_M024,sad
3417,Ses03F_impro04_M014,neu
2486,Ses04F_script01_3_M010,hap
1685,Ses04F_script01_1_F036,ang
136,Ses01M_script01_1_M007,sad
3022,Ses01M_script02_2_M022,neu
2252,Ses02F_script02_2_M042,hap
2220,Ses01M_script03_1_M041,hap
188,Ses01M_script02_2_M041,sad
3266,Ses02M_impro04_F011,neu
1587,Ses03M_script03_2_M005,ang
1150,Ses01M_impro04_M023,ang
3288,Ses02M_impro05_F017,neu
3372,Ses02M_script02_2_M022,neu
2131,Ses01F_script02_2_F019,hap
112,Ses01M_impro06_M015,sad
3413,Ses03F_impro04_M010,neu
3185,Ses02F_script02_1_M019,neu
707,Ses04F_script01_3_M032,sad
334,Ses02M_script02_2_F017,sad
615,Ses03M_script01_2_F019,sad
191,Ses01M_script02_2_M044,sad
2671,Ses05M_script02_2_M034,hap
2306,Ses02M_script01_3_F007,hap
1389,Ses03F_impro08_M014,ang
1246,Ses01M_script03_2_M025,ang
3347,Ses02M_script01_1_M026,neu
2930,Ses01M_impro05_F013,neu
1278,Ses02F_script01_1_F040,ang
3046,Ses02F_impro03_M014,neu
1569,Ses03M_script03_2_F024,ang
2769,Ses01F_impro05_M034,neu
1680,Ses04F_script01_1_F024,ang
2987,Ses01M_script01_1_M000,neu
3466,Ses03F_impro08_F026,neu
2394,Ses03F_script02_2_F045,hap
1006,Ses05M_script01_3_M019,sad
756,Ses04M_impro06_M005,sad
853,Ses05F_impro06_F015,sad
114,Ses01M_impro06_M017,sad
1053,Ses01F_impro05_F011,ang
2614,Ses05M_impro03_F020,hap
3878,Ses04M_impro05_F010,neu
2379,Ses03F_script01_3_M015,hap
1165,Ses01M_impro05_M031,ang
711,Ses04F_script01_3_M036,sad
2616,Ses05M_impro03_F022,hap
3965,Ses04M_script03_2_M028,neu
895,Ses05F_script01_1_M009,sad
3784,Ses04F_impro07_M063,neu
3777,Ses04F_impro07_M051,neu
2543,Ses05F_impro03_F032,hap
4165,Ses05M_impro04_F032,neu
218,Ses02F_impro06_F006,sad
2766,Ses01F_impro05_M029,neu
930,Ses05F_script02_2_F030,sad
679,Ses04F_impro06_F006,sad
1887,Ses04M_script03_2_M011,ang
1718,Ses04F_script02_1_F013,ang
1691,Ses04F_script01_1_M009,ang
2759,Ses01F_impro05_M022,neu
1967,Ses05F_script03_2_F033,ang
1593,Ses03M_script03_2_M014,ang
1004,Ses05M_script01_3_F024,sad
2650,Ses05M_impro07_F039,hap
834,Ses05F_impro04_F019,sad
3501,Ses03F_script01_1_M030,neu
3686,Ses03M_script01_2_M005,neu
42,Ses01F_impro06_M007,sad
669,Ses04F_impro02_M012,sad
1945,Ses05F_script01_1_M035,ang
993,Ses05M_script01_1b_M001,sad
2753,Ses01F_impro05_M014,neu
734,Ses04M_impro06_F002,sad
3223,Ses02F_script03_1_M009,neu
2052,Ses05M_script03_2_F037,ang
4005,Ses05F_impro04_M034,neu
403,Ses03F_impro06_F009,sad
321,Ses02M_script01_3_M026,sad
2498,Ses04M_impro03_F024,hap
1550,Ses03M_script02_2_F002,ang
323,Ses02M_script01_3_M028,sad
837,Ses05F_impro04_F042,sad
1892,Ses04M_script03_2_M021,ang
2827,Ses01F_script02_1_M007,neu
828,Ses05F_impro02_M036,sad
291,Ses02M_impro02_M000,sad
2107,Ses01F_impro05_M001,hap
1931,Ses05F_impro05_F021,ang
1292,Ses02F_script01_2_M018,ang
710,Ses04F_script01_3_M035,sad
2693,Ses01F_impro03_M001,neu
22,Ses01F_impro06_F005,sad
1804,Ses04M_impro05_M039,ang
405,Ses03F_impro06_F011,sad
3688,Ses03M_script01_3_M001,neu
471,Ses03F_script01_3_M037,sad
950,Ses05M_impro02_M022,sad
545,Ses03M_impro06_F005,sad
67,Ses01M_impro02_F009,sad
793,Ses04M_script02_2_F021,sad
1801,Ses04M_impro05_M022,ang
3397,Ses03F_impro01_M003,neu
2368,Ses03F_script01_3_F021,hap
3917,Ses04M_impro08_M021,neu
2949,Ses01M_impro05_F032,neu
1890,Ses04M_script03_2_M014,ang
3038,Ses01M_script03_2_M018,neu
174,Ses01M_script01_3_M041,sad
1584,Ses03M_script03_2_F045,ang
4090,Ses05F_script02_1_F007,neu
3063,Ses02F_impro04_M013,neu
3335,Ses02M_impro08_M028,neu
1348,Ses02M_script03_2_F038,ang
330,Ses02M_script01_3_M035,sad
4147,Ses05M_impro04_F013,neu
1865,Ses04M_script03_2_F031,ang
3762,Ses04F_impro07_M013,neu
2859,Ses01F_script02_2_M022,neu
3675,Ses03M_script01_1_M017,neu
3690,Ses03M_script02_1_F005,neu
2613,Ses05M_impro03_F017,hap
2015,Ses05M_script01_1_M028,ang
1812,Ses04M_script01_1_F022,ang
2758,Ses01F_impro05_M020,neu
2860,Ses01F_script02_2_M023,neu
193,Ses01M_script03_1_M014,sad
3203,Ses02F_script02_2_M018,neu
976,Ses05M_impro06_M009,sad
1839,Ses04M_script02_2_F007,ang
3903,Ses04M_impro08_F028,neu
3529,Ses03F_script02_1_M044,neu
4175,Ses05M_impro05_F002,neu
3545,Ses03F_script03_2_M009,neu
1919,Ses05F_impro01_F017,ang
3135,Ses02F_impro08_F019,neu
813,Ses05F_impro02_F032,sad
807,Ses05F_impro02_F023,sad
20,Ses01F_impro02_M014,sad
1139,Ses01M_impro01_F019,ang
2776,Ses01F_impro06_F019,neu
3574,Ses03M_impro05a_F000,neu
1683,Ses04F_script01_1_F032,ang
3679,Ses03M_script01_1_M029,neu
661,Ses04F_impro02_F007,sad
2697,Ses01F_impro03_M011,neu
1277,Ses02F_script01_1_F038,ang
3707,Ses03M_script03_2_F036,neu
1051,Ses01F_impro05_F008,ang
331,Ses02M_script02_1_F016,sad
3511,Ses03F_script01_1_M052,neu
3880,Ses04M_impro05_F017,neu
3821,Ses04F_script02_2_F008,neu
3571,Ses03M_impro04_M014,neu
1980,Ses05F_script03_2_M014,ang
2751,Ses01F_impro05_M012,neu
2595,Ses05F_script02_2_F015,hap
2623,Ses05M_impro03_M010,hap
4179,Ses05M_impro05_F006,neu
1483,Ses03M_impro05a_M012,ang
2894,Ses01M_impro03_M021,neu
2737,Ses01F_impro04_M027,neu
305,Ses02M_script01_1_M004,sad
3854,Ses04M_impro04_F004,neu
1497,Ses03M_impro05a_M028,ang
1239,Ses01M_script03_2_F038,ang
3500,Ses03F_script01_1_M029,neu
2095,Ses01F_impro03_F012,hap
1528,Ses03M_script01_1_F038,ang
1163,Ses01M_impro05_M027,ang
1322,Ses02M_script01_1_M025,ang
2249,Ses02F_script02_2_F043,hap
165,Ses01M_script01_3_M032,sad
96,Ses01M_impro06_F006,sad
1045,Ses01F_impro04_F028,ang
1743,Ses04F_script03_2_F021,ang
233,Ses02F_script01_1_M027,sad
3059,Ses02F_impro04_M009,neu
1590,Ses03M_script03_2_M008,ang
199,Ses02F_impro02_F005,sad
3352,Ses02M_script01_2_M007,neu
683,Ses04F_impro06_M001,sad
802,Ses05F_impro02_F009,sad
332,Ses02M_script02_2_F015,sad
694,Ses04F_script01_1_M004,sad
3719,Ses04F_impro03_M021,neu
2943,Ses01M_impro05_F026,neu
2174,Ses01M_script01_3_M000,hap
4210,Ses05M_impro07_F019,neu
3016,Ses01M_script02_2_F047,neu
2679,Ses01F_impro01_F005,neu
1279,Ses02F_script01_1_M011,ang
3899,Ses04M_impro07_M042,neu
2752,Ses01F_impro05_M013,neu
1746,Ses04F_script03_2_F024,ang
2533,Ses04M_script02_2_M041,hap
1471,Ses03M_impro05a_F018,ang
3087,Ses02F_impro05_M015,neu
2411,Ses03M_impro03_F021,hap
2003,Ses05M_script01_1_F021,ang
2342,Ses03F_impro03_F019,hap
2181,Ses01M_script02_2_F045,hap
692,Ses04F_impro06_M014,sad
303,Ses02M_script01_1_F041,sad
3561,Ses03M_impro04_F003,neu
4192,Ses05M_impro05_F019,neu
4209,Ses05M_impro07_F018,neu
339,Ses02M_script02_2_F022,sad
3693,Ses03M_script02_2_M014,neu
2423,Ses03M_impro03_M019,hap
2436,Ses03M_impro07_F011,hap
2410,Ses03M_impro03_F017,hap
419,Ses03F_impro06_F025,sad
1628,Ses04F_impro02_F018,ang
3411,Ses03F_impro04_M008,neu
1256,Ses01M_script03_2_M035,ang
3053,Ses02F_impro04_M003,neu
2831,Ses01F_script02_1_M011,neu
995,Ses05M_script01_1b_M003,sad
820,Ses05F_impro02_M025,sad
2087,Ses01F_impro03_F001,hap
4054,Ses05F_impro05_M048,neu
1787,Ses04M_impro01_F019,ang
614,Ses03M_script01_2_F017,sad
3882,Ses04M_impro05_F020,neu
3988,Ses05F_impro04_M012,neu
2123,Ses01F_script01_3_M016,hap
420,Ses03F_impro06_F026,sad
3455,Ses03F_impro08_F012,neu
4070,Ses05F_impro07_F007,neu
2794,Ses01F_impro07_M018,neu
2584,Ses05F_script01_3_F002,hap
3930,Ses04M_script01_1_F028,neu
4097,Ses05F_script02_2_M005,neu
994,Ses05M_script01_1b_M002,sad
3241,Ses02M_impro01_F000,neu
3042,Ses02F_impro01_M002,neu
4087,Ses05F_script02_1_F000,neu
1670,Ses04F_impro08_M023,ang
2708,Ses01F_impro04_F013,neu
214,Ses02F_impro06_F002,sad
1018,Ses05M_script01_3_M040,sad
170,Ses01M_script01_3_M037,sad
413,Ses03F_impro06_F019,sad
1035,Ses05M_script02_2_F030,sad
3837,Ses04F_script03_1_M030,neu
3195,Ses02F_script02_2_M003,neu
35,Ses01F_impro06_F023,sad
2063,Ses05M_script03_2_M020,ang
1358,Ses02M_script03_2_M027,ang
1025,Ses05M_script02_2_F016,sad
1085,Ses01F_script02_2_F006,ang
1245,Ses01M_script03_2_M024,ang
1473,Ses03M_impro05a_M000,ang
2120,Ses01F_script01_3_M009,hap
3351,Ses02M_script01_2_M005,neu
3645,Ses03M_impro08b_F021,neu
3800,Ses04F_impro08_F006,neu
1512,Ses03M_impro05b_M027,ang
871,Ses05F_impro06_M005,sad
3918,Ses04M_impro08_M022,neu
2491,Ses04F_script01_3_M047,hap
1008,Ses05M_script01_3_M021,sad
531,Ses03M_impro02_M029,sad
2687,Ses01F_impro03_F017,neu
1454,Ses03F_script03_2_M042,ang
1765,Ses04F_script03_2_M001,ang
3975,Ses05F_impro04_F043,neu
3588,Ses03M_impro05a_F025,neu
2731,Ses01F_impro04_M021,neu
2395,Ses03F_script02_2_F048,hap
3037,Ses01M_script03_2_M013,neu
3020,Ses01M_script02_2_M020,neu
3267,Ses02M_impro04_F012,neu
3472,Ses03F_script01_1_F005,neu
2286,Ses02M_impro07_F020,hap
1797,Ses04M_impro05_M015,ang
2884,Ses01M_impro01_M010,neu
3881,Ses04M_impro05_F019,neu
2851,Ses01F_script02_2_F041,neu
4068,Ses05F_impro06_M024,neu
621,Ses03M_script01_3_F030,sad
2522,Ses04M_impro08_F023,hap
1723,Ses04F_script02_1_F021,ang
2596,Ses05F_script02_2_F033,hap
160,Ses01M_script01_3_M027,sad
1503,Ses03M_impro05b_M015,ang
69,Ses01M_impro02_F013,sad
4271,Ses05M_script01_1b_F023,neu
3074,Ses02F_impro05_M002,neu
3060,Ses02F_impro04_M010,neu
544,Ses03M_impro06_F004,sad
3383,Ses02M_script03_2_F015,neu
2336,Ses02M_script03_1_M029,hap
1636,Ses04F_impro04_F011,ang
3388,Ses02M_script03_2_M012,neu
121,Ses01M_impro06_M024,sad
613,Ses03M_script01_2_F011,sad
3844,Ses04M_impro01_F002,neu
2388,Ses03F_script02_2_F019,hap
4230,Ses05M_impro08_F013,neu
2529,Ses04M_script02_2_F035,hap
662,Ses04F_impro02_F009,sad
1398,Ses03F_script01_2_F001,ang
2354,Ses03F_impro07_F025,hap
4076,Ses05F_script01_1_F028,neu
1007,Ses05M_script01_3_M020,sad
4071,Ses05F_script01_1_F017,neu
3877,Ses04M_impro05_F009,neu
3320,Ses02M_impro08_M013,neu
1644,Ses04F_impro04_F030,ang
103,Ses01M_impro06_M006,sad
2112,Ses01F_script01_3_F012,hap
2637,Ses05M_impro03_M030,hap
122,Ses01M_impro06_M025,sad
1152,Ses01M_impro05_M005,ang
3464,Ses03F_impro08_F024,neu
2431,Ses03M_impro04_M041,hap
1828,Ses04M_script02_1_F003,ang
461,Ses03F_script01_3_M027,sad
2608,Ses05M_impro03_F010,hap
4207,Ses05M_impro07_F016,neu
1076,Ses01F_script01_2_F008,ang
1998,Ses05M_impro04_M019,ang
1253,Ses01M_script03_2_M032,ang
2471,Ses03M_script02_2_M045,hap
2199,Ses01M_script03_1_F034,hap
2961,Ses01M_impro06_F012,neu
1663,Ses04F_impro08_M014,ang
3811,Ses04F_script01_2_M001,neu
2676,Ses01F_impro01_F000,neu
2861,Ses01F_script02_2_M033,neu
3552,Ses03M_impro02_M013,neu
4163,Ses05M_impro04_F030,neu
2026,Ses05M_script01_1b_M020,ang
1427,Ses03F_script03_2_F039,ang
265,Ses02F_script02_2_F024,sad
1125,Ses01F_script03_2_M033,ang
2780,Ses01F_impro06_M004,neu
4030,Ses05F_impro05_M007,neu
1498,Ses03M_impro05a_M029,ang
2135,Ses01F_script02_2_F045,hap
695,Ses04F_script01_1_M005,sad
3209,Ses02F_script02_2_M033,neu
1481,Ses03M_impro05a_M010,ang
141,Ses01M_script01_3_F003,sad
2164,Ses01M_impro07_F034,hap
3029,Ses01M_script02_2_M039,neu
2229,Ses02F_impro03_F029,hap
4232,Ses05M_impro08_F015,neu
3036,Ses01M_script03_2_M012,neu
4221,Ses05M_impro07_F038,neu
2567,Ses05F_impro03_M041,hap
3190,Ses02F_script02_1_M043,neu
2924,Ses01M_impro05_F004,neu
1266,Ses02F_impro01_F019,ang
831,Ses05F_impro04_F015,sad
996,Ses05M_script01_1b_M004,sad
3817,Ses04F_script01_3_M014,neu
3222,Ses02F_script03_1_M008,neu
2992,Ses01M_script01_2_M001,neu
578,Ses03M_impro06_M018,sad
594,Ses03M_script01_1_F005,sad
2213,Ses01M_script03_1_M021,hap
2719,Ses01F_impro04_M009,neu
2855,Ses01F_script02_2_M016,neu
4100,Ses05F_script03_1_F010,neu
3249,Ses02M_impro01_F016,neu
2594,Ses05F_script01_3_M040,hap
1759,Ses04F_script03_2_F039,ang
130,Ses01M_script01_1_F006,sad
4105,Ses05F_script03_1_F033,neu
2435,Ses03M_impro07_F010,hap
2928,Ses01M_impro05_F011,neu
2160,Ses01F_script03_2_F000,hap
3562,Ses03M_impro04_F004,neu
2074,Ses05M_script03_2_M034,ang
3231,Ses02F_script03_1_M018,neu
2108,Ses01F_impro05_M002,hap
2888,Ses01M_impro03_F018,neu
1088,Ses01F_script02_2_F010,ang
3535,Ses03F_script02_2_M042,neu
645,Ses03M_script02_2_F034,sad
1229,Ses01M_script03_2_F027,ang
383,Ses03F_impro02_M020,sad
2127,Ses01F_script02_1_F009,hap
1340,Ses02M_script02_2_M029,ang
672,Ses04F_impro02_M026,sad
71,Ses01M_impro02_F017,sad
2583,Ses05F_script01_3_F001,hap
447,Ses03F_script01_2_F020,sad
3682,Ses03M_script01_1_M038,neu
1921,Ses05F_impro01_F020,ang
2118,Ses01F_script01_3_F035,hap
900,Ses05F_script01_3_F022,sad
2425,Ses03M_impro03_M021,hap
1506,Ses03M_impro05b_M021,ang
3015,Ses01M_script02_2_F019,neu
3627,Ses03M_impro08a_M007,neu
3107,Ses02F_impro06_M013,neu
1199,Ses01M_script01_2_F013,ang
3528,Ses03F_script02_1_M023,neu
1788,Ses04M_impro01_F021,ang
3572,Ses03M_impro04_M024,neu
2910,Ses01M_impro04_F016,neu
3341,Ses02M_script01_1_F021,neu
2854,Ses01F_script02_2_M006,neu
2959,Ses01M_impro06_F010,neu
3732,Ses04F_impro04_M002,neu
4176,Ses05M_impro05_F003,neu
3960,Ses04M_script03_2_F024,neu
2105,Ses01F_impro03_M015,hap
2733,Ses01F_impro04_M023,neu
1555,Ses03M_script02_2_F013,ang
2179,Ses01M_script02_1_F009,hap
1981,Ses05F_script03_2_M016,ang
2727,Ses01F_impro04_M017,neu
3245,Ses02M_impro01_F004,neu
564,Ses03M_impro06_M004,sad
4195,Ses05M_impro05_M000,neu
1596,Ses03M_script03_2_M031,ang
1452,Ses03F_script03_2_M040,ang
4098,Ses05F_script02_2_M010,neu
3,Ses01F_impro02_F004,sad
1394,Ses03F_script01_1_M027,ang
2124,Ses01F_script01_3_M017,hap
3168,Ses02F_script01_2_M001,neu
4279,Ses05M_script01_3_F000,neu
775,Ses04M_script01_3_F023,sad
163,Ses01M_script01_3_M030,sad
2648,Ses05M_impro07_F035,hap
3736,Ses04F_impro04_M006,neu
3743,Ses04F_impro04_M016,neu
3385,Ses02M_script03_2_M000,neu
3387,Ses02M_script03_2_M011,neu
2589,Ses05F_script01_3_F017,hap
988,Ses05M_script01_1_F004,sad
2500,Ses04M_impro03_M006,hap
2929,Ses01M_impro05_F012,neu
3637,Ses03M_impro08a_M020,neu
2899,Ses01M_impro04_F005,neu
2020,Ses05M_script01_1_M036,ang
497,Ses03M_impro02_F013,sad
1133,Ses01M_impro01_F000,ang
3912,Ses04M_impro08_M012,neu
1894,Ses04M_script03_2_M024,ang
2387,Ses03F_script01_3_M046,hap
3976,Ses05F_impro04_F044,neu
1287,Ses02F_script01_2_F005,ang
2012,Ses05M_script01_1_M022,ang
2476,Ses04F_impro06_F009,hap
240,Ses02F_script01_3_F025,sad
2255,Ses02F_script02_2_M046,hap
2148,Ses01F_script03_1_F030,hap
2805,Ses01F_script01_3_F007,neu
737,Ses04M_impro06_F005,sad
583,Ses03M_impro06_M023,sad
2706,Ses01F_impro04_F006,neu
14,Ses01F_impro02_M001,sad
3991,Ses05F_impro04_M016,neu
256,Ses02F_script01_3_M034,sad
3153,Ses02F_impro08_M013,neu
4124,Ses05M_impro01_F004,neu
1189,Ses01M_script01_1_M034,ang
4055,Ses05F_impro05_M050,neu
4135,Ses05M_impro04_F001,neu
182,Ses01M_script02_2_F036,sad
4303,Ses05M_script03_2_F006,neu
3583,Ses03M_impro05a_F014,neu
2606,Ses05M_impro03_F008,hap
3255,Ses02M_impro02_M014,neu
3703,Ses03M_script03_2_F006,neu
1293,Ses02F_script02_2_F005,ang
463,Ses03F_script01_3_M029,sad
4143,Ses05M_impro04_F009,neu
1234,Ses01M_script03_2_F033,ang
2985,Ses01M_script01_1_F025,neu
4103,Ses05F_script03_1_F015,neu
4096,Ses05F_script02_2_M003,neu
2586,Ses05F_script01_3_F009,hap
3156,Ses02F_impro08_M018,neu
221,Ses02F_impro06_F009,sad
3673,Ses03M_script01_1_F028,neu
1043,Ses01F_impro01_M011,ang
3745,Ses04F_impro04_M018,neu
4206,Ses05M_impro07_F010,neu
872,Ses05F_impro06_M006,sad
892,Ses05F_script01_1_M006,sad
1910,Ses04M_script03_2_M048,ang
554,Ses03M_impro06_F015,sad
1420,Ses03F_script03_2_F015,ang
13,Ses01F_impro02_F020,sad
2782,Ses01F_impro06_M006,neu
2802,Ses01F_script01_3_F004,neu
4262,Ses05M_impro08_M025,neu
876,Ses05F_impro06_M011,sad
2734,Ses01F_impro04_M024,neu
3853,Ses04M_impro04_F003,neu
462,Ses03F_script01_3_M028,sad
2857,Ses01F_script02_2_M019,neu
1782,Ses04F_script03_2_M042,ang
2208,Ses01M_script03_1_M012,hap
513,Ses03M_impro02_F033,sad
3598,Ses03M_impro05b_F009,neu
2021,Ses05M_script01_1_M037,ang
4200,Ses05M_impro05_M005,neu
2511,Ses04M_impro03_M029,hap
609,Ses03M_script01_1_M045,sad
2996,Ses01M_script01_3_F004,neu
278,Ses02M_impro02_F001,sad
525,Ses03M_impro02_M019,sad
997,Ses05M_script01_1b_M005,sad
822,Ses05F_impro02_M029,sad
714,Ses04F_script01_3_M041,sad
835,Ses05F_impro04_F022,sad
1962,Ses05F_script03_2_F027,ang
3576,Ses03M_impro05a_F002,neu
610,Ses03M_script01_1_M046,sad
2039,Ses05M_script01_2_M016,ang
727,Ses04F_script02_2_M040,sad
435,Ses03F_impro06_M008,sad
2967,Ses01M_impro06_F018,neu
1453,Ses03F_script03_2_M041,ang
3374,Ses02M_script02_2_M025,neu
1402,Ses03F_script01_2_F013,ang
3205,Ses02F_script02_2_M020,neu
752,Ses04M_impro06_M001,sad
2151,Ses01F_script03_1_M009,hap
54,Ses01F_script01_3_M032,sad
877,Ses05F_impro06_M014,sad
1524,Ses03M_impro08b_F006,ang
2643,Ses05M_impro07_F007,hap
2451,Ses03M_script01_3_F018,hap
3855,Ses04M_impro04_F005,neu
4224,Ses05M_impro08_F006,neu
3543,Ses03F_script03_2_F013,neu
86,Ses01M_impro02_M018,sad
1023,Ses05M_script02_2_F014,sad
4208,Ses05M_impro07_F017,neu
4203,Ses05M_impro05_M009,neu
3585,Ses03M_impro05a_F021,neu
1339,Ses02M_script02_2_F013,ang
373,Ses03F_impro02_F039,sad
3416,Ses03F_impro04_M013,neu
3970,Ses05F_impro02_M000,neu
1142,Ses01M_impro01_F022,ang
2895,Ses01M_impro04_F000,neu
3641,Ses03M_impro08a_M024,neu
2216,Ses01M_script03_1_M031,hap
589,Ses03M_impro06_M029,sad
3301,Ses02M_impro08_F006,neu
2305,Ses02M_script01_3_F003,hap
2406,Ses03M_impro02_F000,hap
2864,Ses01F_script02_2_M043,neu
2299,Ses02M_impro08_F023,hap
3989,Ses05F_impro04_M013,neu
657,Ses04F_impro02_F002,sad
782,Ses04M_script01_3_M028,sad
638,Ses03M_script01_3_M040,sad
2319,Ses02M_script02_2_M046,hap
3080,Ses02F_impro05_M008,neu
2238,Ses02F_impro03_M023,hap
1994,Ses05M_impro01_F021,ang
921,Ses05F_script02_2_F016,sad
763,Ses04M_impro06_M012,sad
248,Ses02F_script01_3_M026,sad
1191,Ses01M_script01_1_M041,ang
2503,Ses04M_impro03_M009,hap
1032,Ses05M_script02_2_F027,sad
3534,Ses03F_script02_2_M016,neu
2439,Ses03M_impro07_F014,hap
2318,Ses02M_script02_2_M045,hap
409,Ses03F_impro06_F015,sad
430,Ses03F_impro06_M002,sad
4009,Ses05F_impro04_M038,neu
659,Ses04F_impro02_F005,sad
1443,Ses03F_script03_2_M024,ang
1693,Ses04F_script01_1_M012,ang
854,Ses05F_impro06_F016,sad
2790,Ses01F_impro06_M015,neu
2891,Ses01M_impro03_M006,neu
1367,Ses02M_script03_2_M046,ang
749,Ses04M_impro06_F018,sad
2282,Ses02M_impro07_F016,hap
1851,Ses04M_script02_2_M034,ang
2618,Ses05M_impro03_M004,hap
1177,Ses01M_script01_1_F032,ang
2684,Ses01F_impro02_F018,neu
1979,Ses05F_script03_2_M013,ang
1057,Ses01F_impro05_F016,ang
3896,Ses04M_impro07_M037,neu
2407,Ses03M_impro02_F003,hap
4236,Ses05M_impro08_F019,neu
2966,Ses01M_impro06_F017,neu
2183,Ses01M_script02_2_M052,hap
3103,Ses02F_impro06_M009,neu
1111,Ses01F_script03_2_F040,ang
1730,Ses04F_script02_2_F009,ang
4037,Ses05F_impro05_M016,neu
9,Ses01F_impro02_F014,sad
3793,Ses04F_impro07_M079,neu
2875,Ses01F_script03_2_M010,neu
4244,Ses05M_impro08_M007,neu
4110,Ses05F_script03_2_F004,neu
80,Ses01M_impro02_M012,sad
2942,Ses01M_impro05_F025,neu
1311,Ses02M_script01_1_F027,ang
1615,Ses04F_impro01_F016,ang
144,Ses01M_script01_3_F018,sad
1350,Ses02M_script03_2_F040,ang
1195,Ses01M_script01_2_F005,ang
557,Ses03M_impro06_F018,sad
3616,Ses03M_impro05b_M019,neu
407,Ses03F_impro06_F013,sad
1767,Ses04F_script03_2_M005,ang
3045,Ses02F_impro03_M013,neu
2370,Ses03F_script01_3_F035,hap
2903,Ses01M_impro04_F009,neu
3805,Ses04F_script01_1_F018,neu
2741,Ses01F_impro05_M000,neu
1755,Ses04F_script03_2_F035,ang
2464,Ses03M_script02_2_F044,hap
3949,Ses04M_script02_2_M000,neu
2057,Ses05M_script03_2_F042,ang
3888,Ses04M_impro07_F037,neu
3439,Ses03F_impro07_M021,neu
3932,Ses04M_script01_1_F033,neu
467,Ses03F_script01_3_M033,sad
2251,Ses02F_script02_2_M041,hap
3895,Ses04M_impro07_M036,neu
1785,Ses04F_script03_2_M045,ang
3082,Ses02F_impro05_M010,neu
3316,Ses02M_impro08_M009,neu
2897,Ses01M_impro04_F003,neu
1312,Ses02M_script01_1_F032,ang
217,Ses02F_impro06_F005,sad
1202,Ses01M_script01_2_M017,ang
3946,Ses04M_script02_1_M014,neu
397,Ses03F_impro06_F003,sad
1309,Ses02M_impro05_M026,ang
2642,Ses05M_impro07_F005,hap
0,Ses01F_impro02_F000,sad
2384,Ses03F_script01_3_M023,hap
1505,Ses03M_impro05b_M020,ang
2574,Ses05F_impro03_M063,hap
3664,Ses03M_impro08b_M016,neu
268,Ses02F_script02_2_F034,sad
1226,Ses01M_script03_2_F024,ang
4137,Ses05M_impro04_F003,neu
1289,Ses02F_script01_2_F013,ang
626,Ses03M_script01_3_M028,sad
4,Ses01F_impro02_F005,sad
3730,Ses04F_impro04_F000,neu
41,Ses01F_impro06_M003,sad
1762,Ses04F_script03_2_F042,ang
1119,Ses01F_script03_2_M025,ang
522,Ses03M_impro02_M011,sad
64,Ses01F_script02_2_F046,sad
3733,Ses04F_impro04_M003,neu
1661,Ses04F_impro08_F023,ang
1040,Ses05M_script02_2_M031,sad
3208,Ses02F_script02_2_M023,neu
2968,Ses01M_impro06_F019,neu
1940,Ses05F_script01_1_F033,ang
1982,Ses05F_script03_2_M019,ang
604,Ses03M_script01_1_M005,sad
3487,Ses03F_script01_1_M002,neu
1625,Ses04F_impro01_M024,ang
3809,Ses04F_script01_1_M017,neu
3527,Ses03F_script02_1_M022,neu
3188,Ses02F_script02_1_M031,neu
226,Ses02F_impro06_F014,sad
3021,Ses01M_script02_2_M021,neu
3106,Ses02F_impro06_M012,neu
1499,Ses03M_impro05b_M008,ang
3955,Ses04M_script03_1_M010,neu
2150,Ses01F_script03_1_M008,hap
1065,Ses01F_impro05_F024,ang
1333,Ses02M_script01_2_M016,ang
1357,Ses02M_script03_2_M026,ang
595,Ses03M_script01_1_F008,sad
2399,Ses03F_script02_2_M040,hap
378,Ses03F_impro02_M014,sad
591,Ses03M_impro06_M031,sad
1241,Ses01M_script03_2_F040,ang
3624,Ses03M_impro08a_M004,neu
4025,Ses05F_impro05_M002,neu
167,Ses01M_script01_3_M034,sad
836,Ses05F_impro04_F023,sad
713,Ses04F_script01_3_M040,sad
1927,Ses05F_impro04_F008,ang
730,Ses04M_impro02_F020,sad
4125,Ses05M_impro01_F006,neu
761,Ses04M_impro06_M010,sad
3910,Ses04M_impro08_M010,neu
4152,Ses05M_impro04_F018,neu
4275,Ses05M_script01_2_F004,neu
3689,Ses03M_script01_3_M004,neu
2535,Ses04M_script03_2_F002,hap
2483,Ses04F_script01_3_F015,hap
2508,Ses04M_impro03_M025,hap
3363,Ses02M_script02_2_F046,neu
1985,Ses05F_script03_2_M025,ang
4226,Ses05M_impro08_F008,neu
402,Ses03F_impro06_F008,sad
703,Ses04F_script01_3_M028,sad
1655,Ses04F_impro05_F014,ang
2723,Ses01F_impro04_M013,neu
2247,Ses02F_script02_2_F041,hap
1744,Ses04F_script03_2_F022,ang
156,Ses01M_script01_3_M023,sad
2945,Ses01M_impro05_F028,neu
4039,Ses05F_impro05_M018,neu
2385,Ses03F_script01_3_M024,hap
3350,Ses02M_script01_2_M004,neu
4014,Ses05F_impro04_M043,neu
2079,Ses05M_script03_2_M039,ang
3683,Ses03M_script01_1_M043,neu
3521,Ses03F_script01_3_M003,neu
1761,Ses04F_script03_2_F041,ang
742,Ses04M_impro06_F010,sad
3936,Ses04M_script01_1_M026,neu
1729,Ses04F_script02_2_F007,ang
903,Ses05F_script01_3_M021,sad
1525,Ses03M_script01_1_F016,ang
1491,Ses03M_impro05a_M022,ang
586,Ses03M_impro06_M026,sad
1848,Ses04M_script02_2_M007,ang
1338,Ses02M_script02_2_F011,ang
77,Ses01M_impro02_M009,sad
2904,Ses01M_impro04_F010,neu
2725,Ses01F_impro04_M015,neu
3978,Ses05F_impro04_M000,neu
1690,Ses04F_script01_1_F044,ang
1701,Ses04F_script01_1_M030,ang
2186,Ses01M_script03_1_F004,hap
3710,Ses03M_script03_2_M010,neu
1464,Ses03M_impro01_M017,ang
1728,Ses04F_script02_2_F006,ang
859,Ses05F_impro06_F021,sad
579,Ses03M_impro06_M019,sad
4083,Ses05F_script01_3_F021,neu
2653,Ses05M_impro07_M039,hap
819,Ses05F_impro02_M024,sad
2320,Ses02M_script03_1_F003,hap
3259,Ses02M_impro04_F003,neu
4238,Ses05M_impro08_M001,neu
2314,Ses02M_script02_2_F045,hap
2248,Ses02F_script02_2_F042,hap
3858,Ses04M_impro04_F008,neu
1560,Ses03M_script02_2_M029,ang
4199,Ses05M_impro05_M004,neu
3278,Ses02M_impro05_F007,neu
4229,Ses05M_impro08_F012,neu
1936,Ses05F_impro05_F033,ang
2775,Ses01F_impro06_F018,neu
1186,Ses01M_script01_1_M020,ang
3462,Ses03F_impro08_F022,neu
1193,Ses01M_script01_2_F001,ang
3094,Ses02F_impro06_M000,neu
2132,Ses01F_script02_2_F042,hap
75,Ses01M_impro02_M003,sad
3012,Ses01M_script02_1_M037,neu
400,Ses03F_impro06_F006,sad
3778,Ses04F_impro07_M057,neu
3330,Ses02M_impro08_M023,neu
2858,Ses01F_script02_2_M021,neu
2840,Ses01F_script02_1_M026,neu
720,Ses04F_script02_2_F021,sad
1442,Ses03F_script03_2_M020,ang
423,Ses03F_impro06_F029,sad
1601,Ses03M_script03_2_M039,ang
780,Ses04M_script01_3_M026,sad
264,Ses02F_script02_2_F022,sad
4113,Ses05F_script03_2_F010,neu
1282,Ses02F_script01_1_M023,ang
643,Ses03M_script02_2_F024,sad
898,Ses05F_script01_3_F006,sad
2461,Ses03M_script01_3_M045,hap
1231,Ses01M_script03_2_F029,ang
1393,Ses03F_script01_1_M022,ang
3560,Ses03M_impro04_F001,neu
62,Ses01F_script02_2_F036,sad
3939,Ses04M_script01_1_M040,neu
888,Ses05F_script01_1_M002,sad
2256,Ses02F_script03_1_F006,hap
3846,Ses04M_impro01_M000,neu
1901,Ses04M_script03_2_M034,ang
1938,Ses05F_impro05_F041,ang
3951,Ses04M_script02_2_M020,neu
2427,Ses03M_impro03_M030,hap
4222,Ses05M_impro07_F040,neu
1639,Ses04F_impro04_F015,ang
3544,Ses03F_script03_2_F017,neu
3396,Ses03F_impro01_M002,neu
2569,Ses05F_impro03_M057,hap
3410,Ses03F_impro04_M007,neu
3609,Ses03M_impro05b_F021,neu
1014,Ses05M_script01_3_M030,sad
2007,Ses05M_script01_1_F036,ang
1869,Ses04M_script03_2_F035,ang
576,Ses03M_impro06_M016,sad
2683,Ses01F_impro02_F016,neu
3663,Ses03M_impro08b_M015,neu
1849,Ses04M_script02_2_M029,ang
222,Ses02F_impro06_F010,sad
2735,Ses01F_impro04_M025,neu
3520,Ses03F_script01_3_M001,neu
1342,Ses02M_script03_2_F019,ang
2271,Ses02M_impro03_M011,hap
1832,Ses04M_script02_1_F008,ang
1155,Ses01M_impro05_M008,ang
731,Ses04M_impro02_M000,sad
2355,Ses03F_impro07_F032,hap
1626,Ses04F_impro02_F012,ang
3013,Ses01M_script02_1_M039,neu
2647,Ses05M_impro07_F031,hap
2129,Ses01F_script02_1_M043,hap
2203,Ses01M_script03_1_F039,hap
3000,Ses01M_script01_3_M006,neu
4024,Ses05F_impro05_M001,neu
3437,Ses03F_impro07_M004,neu
2619,Ses05M_impro03_M006,hap
3157,Ses02F_impro08_M019,neu
